--------------------------------------------------------
--  파일이 생성됨 - 화요일-7월-14-2020   
--------------------------------------------------------
--------------------------------------------------------
--  DDL for Table ATTENDANCE
--------------------------------------------------------

  CREATE TABLE "HEALTHNER"."ATTENDANCE" 
   (	"MEMBER_NO" NUMBER, 
	"ATTEND_DATE" DATE
   ) SEGMENT CREATION IMMEDIATE 
  PCTFREE 10 PCTUSED 40 INITRANS 1 MAXTRANS 255 NOCOMPRESS LOGGING
  STORAGE(INITIAL 65536 NEXT 1048576 MINEXTENTS 1 MAXEXTENTS 2147483645
  PCTINCREASE 0 FREELISTS 1 FREELIST GROUPS 1 BUFFER_POOL DEFAULT FLASH_CACHE DEFAULT CELL_FLASH_CACHE DEFAULT)
  TABLESPACE "SYSTEM" ;

   COMMENT ON COLUMN "HEALTHNER"."ATTENDANCE"."MEMBER_NO" IS '회원 번호';
   COMMENT ON COLUMN "HEALTHNER"."ATTENDANCE"."ATTEND_DATE" IS '출석일';
   COMMENT ON TABLE "HEALTHNER"."ATTENDANCE"  IS '출결';
--------------------------------------------------------
--  DDL for Table ATTENDANCE_AVGTIME
--------------------------------------------------------

  CREATE TABLE "HEALTHNER"."ATTENDANCE_AVGTIME" 
   (	"AVG_DATE" DATE, 
	"AVG_TIME" NUMBER
   ) SEGMENT CREATION IMMEDIATE 
  PCTFREE 10 PCTUSED 40 INITRANS 1 MAXTRANS 255 NOCOMPRESS LOGGING
  STORAGE(INITIAL 65536 NEXT 1048576 MINEXTENTS 1 MAXEXTENTS 2147483645
  PCTINCREASE 0 FREELISTS 1 FREELIST GROUPS 1 BUFFER_POOL DEFAULT FLASH_CACHE DEFAULT CELL_FLASH_CACHE DEFAULT)
  TABLESPACE "SYSTEM" ;

   COMMENT ON COLUMN "HEALTHNER"."ATTENDANCE_AVGTIME"."AVG_DATE" IS '출결 날짜';
   COMMENT ON COLUMN "HEALTHNER"."ATTENDANCE_AVGTIME"."AVG_TIME" IS '평균시간';
   COMMENT ON TABLE "HEALTHNER"."ATTENDANCE_AVGTIME"  IS '출석 평균 시간';
--------------------------------------------------------
--  DDL for Table BAN_LIST
--------------------------------------------------------

  CREATE TABLE "HEALTHNER"."BAN_LIST" 
   (	"BAN_SEQ" NUMBER, 
	"MEMBER_NO" NUMBER, 
	"BAN_DATE" VARCHAR2(20 BYTE)
   ) SEGMENT CREATION IMMEDIATE 
  PCTFREE 10 PCTUSED 40 INITRANS 1 MAXTRANS 255 NOCOMPRESS LOGGING
  STORAGE(INITIAL 65536 NEXT 1048576 MINEXTENTS 1 MAXEXTENTS 2147483645
  PCTINCREASE 0 FREELISTS 1 FREELIST GROUPS 1 BUFFER_POOL DEFAULT FLASH_CACHE DEFAULT CELL_FLASH_CACHE DEFAULT)
  TABLESPACE "SYSTEM" ;

   COMMENT ON COLUMN "HEALTHNER"."BAN_LIST"."BAN_SEQ" IS '정지시퀀스';
   COMMENT ON COLUMN "HEALTHNER"."BAN_LIST"."MEMBER_NO" IS '회원번호';
   COMMENT ON COLUMN "HEALTHNER"."BAN_LIST"."BAN_DATE" IS '정지날짜';
   COMMENT ON TABLE "HEALTHNER"."BAN_LIST"  IS '정지 테이블';
--------------------------------------------------------
--  DDL for Table BASKET
--------------------------------------------------------

  CREATE TABLE "HEALTHNER"."BASKET" 
   (	"MEMBER_NO" NUMBER, 
	"PNO" NUMBER, 
	"STOCK" NUMBER
   ) SEGMENT CREATION IMMEDIATE 
  PCTFREE 10 PCTUSED 40 INITRANS 1 MAXTRANS 255 NOCOMPRESS LOGGING
  STORAGE(INITIAL 65536 NEXT 1048576 MINEXTENTS 1 MAXEXTENTS 2147483645
  PCTINCREASE 0 FREELISTS 1 FREELIST GROUPS 1 BUFFER_POOL DEFAULT FLASH_CACHE DEFAULT CELL_FLASH_CACHE DEFAULT)
  TABLESPACE "SYSTEM" ;

   COMMENT ON COLUMN "HEALTHNER"."BASKET"."MEMBER_NO" IS '멤버넘버';
   COMMENT ON COLUMN "HEALTHNER"."BASKET"."PNO" IS '상품넘버';
   COMMENT ON COLUMN "HEALTHNER"."BASKET"."STOCK" IS '수량';
   COMMENT ON TABLE "HEALTHNER"."BASKET"  IS '장바구니';
--------------------------------------------------------
--  DDL for Table BMI
--------------------------------------------------------

  CREATE TABLE "HEALTHNER"."BMI" 
   (	"INBODY_NO" NUMBER, 
	"MEMBER_NO" NUMBER, 
	"MEASURE_DATE" DATE, 
	"WEIGHT" NUMBER, 
	"BONE" NUMBER, 
	"BODYFAT" NUMBER, 
	"BODYWATER" NUMBER, 
	"PROTEIN" NUMBER, 
	"MINERAL" NUMBER, 
	"BMI" NUMBER, 
	"BODYFAT_PER" NUMBER, 
	"ABFAT_PER" NUMBER, 
	"METABOLISM" NUMBER
   ) SEGMENT CREATION IMMEDIATE 
  PCTFREE 10 PCTUSED 40 INITRANS 1 MAXTRANS 255 NOCOMPRESS LOGGING
  STORAGE(INITIAL 65536 NEXT 1048576 MINEXTENTS 1 MAXEXTENTS 2147483645
  PCTINCREASE 0 FREELISTS 1 FREELIST GROUPS 1 BUFFER_POOL DEFAULT FLASH_CACHE DEFAULT CELL_FLASH_CACHE DEFAULT)
  TABLESPACE "SYSTEM" ;

   COMMENT ON COLUMN "HEALTHNER"."BMI"."INBODY_NO" IS '인바디 번호';
   COMMENT ON COLUMN "HEALTHNER"."BMI"."MEMBER_NO" IS '회원 번호';
   COMMENT ON COLUMN "HEALTHNER"."BMI"."MEASURE_DATE" IS '측정 날짜';
   COMMENT ON COLUMN "HEALTHNER"."BMI"."WEIGHT" IS '회원 몸무게';
   COMMENT ON COLUMN "HEALTHNER"."BMI"."BONE" IS '골격근량';
   COMMENT ON COLUMN "HEALTHNER"."BMI"."BODYFAT" IS '체지방량';
   COMMENT ON COLUMN "HEALTHNER"."BMI"."BODYWATER" IS '체수분';
   COMMENT ON COLUMN "HEALTHNER"."BMI"."PROTEIN" IS '단백질';
   COMMENT ON COLUMN "HEALTHNER"."BMI"."MINERAL" IS '무기질';
   COMMENT ON COLUMN "HEALTHNER"."BMI"."BMI" IS 'BMI';
   COMMENT ON COLUMN "HEALTHNER"."BMI"."BODYFAT_PER" IS '체지방률';
   COMMENT ON COLUMN "HEALTHNER"."BMI"."ABFAT_PER" IS '복부지방률';
   COMMENT ON COLUMN "HEALTHNER"."BMI"."METABOLISM" IS '기초대사량';
   COMMENT ON TABLE "HEALTHNER"."BMI"  IS '회원 인바디';
--------------------------------------------------------
--  DDL for Table BOARD
--------------------------------------------------------

  CREATE TABLE "HEALTHNER"."BOARD" 
   (	"BOARD_TYPE" NUMBER, 
	"BOARD_NO" NUMBER, 
	"BOARD_WRITER" NUMBER, 
	"BOARD_TITLE" VARCHAR2(1000 BYTE), 
	"BOARD_CONTENT" VARCHAR2(4000 BYTE), 
	"BOARD_DATE" VARCHAR2(20 BYTE), 
	"BOARD_FILENAME" VARCHAR2(1000 BYTE), 
	"REPORT" NUMBER
   ) SEGMENT CREATION IMMEDIATE 
  PCTFREE 10 PCTUSED 40 INITRANS 1 MAXTRANS 255 NOCOMPRESS LOGGING
  STORAGE(INITIAL 65536 NEXT 1048576 MINEXTENTS 1 MAXEXTENTS 2147483645
  PCTINCREASE 0 FREELISTS 1 FREELIST GROUPS 1 BUFFER_POOL DEFAULT FLASH_CACHE DEFAULT CELL_FLASH_CACHE DEFAULT)
  TABLESPACE "SYSTEM" ;

   COMMENT ON COLUMN "HEALTHNER"."BOARD"."BOARD_NO" IS '자유게시판번호';
   COMMENT ON COLUMN "HEALTHNER"."BOARD"."BOARD_WRITER" IS '작성자';
   COMMENT ON COLUMN "HEALTHNER"."BOARD"."BOARD_TITLE" IS '글제목';
   COMMENT ON COLUMN "HEALTHNER"."BOARD"."BOARD_CONTENT" IS '글내용';
   COMMENT ON COLUMN "HEALTHNER"."BOARD"."BOARD_DATE" IS '작성날짜';
   COMMENT ON COLUMN "HEALTHNER"."BOARD"."BOARD_FILENAME" IS '파일이름';
   COMMENT ON COLUMN "HEALTHNER"."BOARD"."REPORT" IS '조회수';
   COMMENT ON TABLE "HEALTHNER"."BOARD"  IS '자유게시판';
--------------------------------------------------------
--  DDL for Table BOARD_COMMENT
--------------------------------------------------------

  CREATE TABLE "HEALTHNER"."BOARD_COMMENT" 
   (	"COMMENT_NO" NUMBER, 
	"COMMENT_WRITER" NUMBER, 
	"COMMENT_CONTENT" VARCHAR2(2000 BYTE), 
	"COMMENT_DATE" VARCHAR2(20 BYTE), 
	"COMMENT_LEVEL" NUMBER, 
	"REF" NUMBER, 
	"COMMENT_REF" NUMBER
   ) SEGMENT CREATION IMMEDIATE 
  PCTFREE 10 PCTUSED 40 INITRANS 1 MAXTRANS 255 NOCOMPRESS LOGGING
  STORAGE(INITIAL 65536 NEXT 1048576 MINEXTENTS 1 MAXEXTENTS 2147483645
  PCTINCREASE 0 FREELISTS 1 FREELIST GROUPS 1 BUFFER_POOL DEFAULT FLASH_CACHE DEFAULT CELL_FLASH_CACHE DEFAULT)
  TABLESPACE "SYSTEM" ;

   COMMENT ON COLUMN "HEALTHNER"."BOARD_COMMENT"."COMMENT_NO" IS '댓글 번호';
   COMMENT ON COLUMN "HEALTHNER"."BOARD_COMMENT"."COMMENT_WRITER" IS '작성자';
   COMMENT ON COLUMN "HEALTHNER"."BOARD_COMMENT"."COMMENT_CONTENT" IS '글내용';
   COMMENT ON COLUMN "HEALTHNER"."BOARD_COMMENT"."COMMENT_DATE" IS '작성날짜';
   COMMENT ON COLUMN "HEALTHNER"."BOARD_COMMENT"."COMMENT_LEVEL" IS '게시판레벨';
   COMMENT ON COLUMN "HEALTHNER"."BOARD_COMMENT"."REF" IS '게시물번호';
   COMMENT ON COLUMN "HEALTHNER"."BOARD_COMMENT"."COMMENT_REF" IS '댓글 번호';
   COMMENT ON TABLE "HEALTHNER"."BOARD_COMMENT"  IS '자유게시판 댓글';
--------------------------------------------------------
--  DDL for Table BUY_PRODUCT
--------------------------------------------------------

  CREATE TABLE "HEALTHNER"."BUY_PRODUCT" 
   (	"BUY_NO" NUMBER, 
	"PNO" NUMBER, 
	"STOCK" NUMBER
   ) SEGMENT CREATION IMMEDIATE 
  PCTFREE 10 PCTUSED 40 INITRANS 1 MAXTRANS 255 NOCOMPRESS LOGGING
  STORAGE(INITIAL 65536 NEXT 1048576 MINEXTENTS 1 MAXEXTENTS 2147483645
  PCTINCREASE 0 FREELISTS 1 FREELIST GROUPS 1 BUFFER_POOL DEFAULT FLASH_CACHE DEFAULT CELL_FLASH_CACHE DEFAULT)
  TABLESPACE "SYSTEM" ;

   COMMENT ON COLUMN "HEALTHNER"."BUY_PRODUCT"."BUY_NO" IS '결제넘버';
   COMMENT ON COLUMN "HEALTHNER"."BUY_PRODUCT"."PNO" IS '상품넘버';
   COMMENT ON COLUMN "HEALTHNER"."BUY_PRODUCT"."STOCK" IS '수량';
--------------------------------------------------------
--  DDL for Table EAT_LOG
--------------------------------------------------------

  CREATE TABLE "HEALTHNER"."EAT_LOG" 
   (	"MENU_NO" NUMBER, 
	"FOOD_NAME" VARCHAR2(200 BYTE), 
	"EAT_DATE" VARCHAR2(20 BYTE), 
	"EAT_TIME" VARCHAR2(20 BYTE), 
	"MEMBER_NO" NUMBER, 
	"KCAL" NUMBER
   ) SEGMENT CREATION IMMEDIATE 
  PCTFREE 10 PCTUSED 40 INITRANS 1 MAXTRANS 255 NOCOMPRESS LOGGING
  STORAGE(INITIAL 65536 NEXT 1048576 MINEXTENTS 1 MAXEXTENTS 2147483645
  PCTINCREASE 0 FREELISTS 1 FREELIST GROUPS 1 BUFFER_POOL DEFAULT FLASH_CACHE DEFAULT CELL_FLASH_CACHE DEFAULT)
  TABLESPACE "SYSTEM" ;

   COMMENT ON COLUMN "HEALTHNER"."EAT_LOG"."MENU_NO" IS '식단번호';
   COMMENT ON COLUMN "HEALTHNER"."EAT_LOG"."FOOD_NAME" IS '식품명';
   COMMENT ON COLUMN "HEALTHNER"."EAT_LOG"."EAT_DATE" IS '식사날짜';
   COMMENT ON COLUMN "HEALTHNER"."EAT_LOG"."EAT_TIME" IS '식사시간';
   COMMENT ON COLUMN "HEALTHNER"."EAT_LOG"."MEMBER_NO" IS '회원번호';
   COMMENT ON COLUMN "HEALTHNER"."EAT_LOG"."KCAL" IS '칼로리';
   COMMENT ON TABLE "HEALTHNER"."EAT_LOG"  IS '음식 섭취 테이블';
--------------------------------------------------------
--  DDL for Table LIKE_TABLE
--------------------------------------------------------

  CREATE TABLE "HEALTHNER"."LIKE_TABLE" 
   (	"PNO" NUMBER, 
	"MEMBER_NO" NUMBER
   ) SEGMENT CREATION IMMEDIATE 
  PCTFREE 10 PCTUSED 40 INITRANS 1 MAXTRANS 255 NOCOMPRESS LOGGING
  STORAGE(INITIAL 65536 NEXT 1048576 MINEXTENTS 1 MAXEXTENTS 2147483645
  PCTINCREASE 0 FREELISTS 1 FREELIST GROUPS 1 BUFFER_POOL DEFAULT FLASH_CACHE DEFAULT CELL_FLASH_CACHE DEFAULT)
  TABLESPACE "SYSTEM" ;

   COMMENT ON TABLE "HEALTHNER"."LIKE_TABLE"  IS '종아요';
--------------------------------------------------------
--  DDL for Table MAIL
--------------------------------------------------------

  CREATE TABLE "HEALTHNER"."MAIL" 
   (	"MAIL_NO" NUMBER, 
	"SENDER" NUMBER, 
	"RECEIVER" NUMBER, 
	"MAIL_CONTENT" VARCHAR2(1000 BYTE), 
	"WRITE_DATE" VARCHAR2(20 BYTE), 
	"READ_COUNT" NUMBER
   ) SEGMENT CREATION IMMEDIATE 
  PCTFREE 10 PCTUSED 40 INITRANS 1 MAXTRANS 255 NOCOMPRESS LOGGING
  STORAGE(INITIAL 65536 NEXT 1048576 MINEXTENTS 1 MAXEXTENTS 2147483645
  PCTINCREASE 0 FREELISTS 1 FREELIST GROUPS 1 BUFFER_POOL DEFAULT FLASH_CACHE DEFAULT CELL_FLASH_CACHE DEFAULT)
  TABLESPACE "SYSTEM" ;

   COMMENT ON COLUMN "HEALTHNER"."MAIL"."MAIL_NO" IS '쪽지번호';
   COMMENT ON COLUMN "HEALTHNER"."MAIL"."SENDER" IS '송신자';
   COMMENT ON COLUMN "HEALTHNER"."MAIL"."RECEIVER" IS '수신자';
   COMMENT ON COLUMN "HEALTHNER"."MAIL"."MAIL_CONTENT" IS '쪽지내용';
   COMMENT ON COLUMN "HEALTHNER"."MAIL"."WRITE_DATE" IS '작성일';
   COMMENT ON COLUMN "HEALTHNER"."MAIL"."READ_COUNT" IS '쪽지조회여부';
   COMMENT ON TABLE "HEALTHNER"."MAIL"  IS '쪽 지함';
--------------------------------------------------------
--  DDL for Table MEETING_SCHEDULE
--------------------------------------------------------

  CREATE TABLE "HEALTHNER"."MEETING_SCHEDULE" 
   (	"MEETING_SEQ" NUMBER, 
	"NAME" VARCHAR2(20 BYTE), 
	"PHONE" VARCHAR2(20 BYTE), 
	"EMAIL" VARCHAR2(20 BYTE), 
	"RESPONSE_FIN" NUMBER, 
	"BMI" NUMBER
   ) SEGMENT CREATION IMMEDIATE 
  PCTFREE 10 PCTUSED 40 INITRANS 1 MAXTRANS 255 NOCOMPRESS LOGGING
  STORAGE(INITIAL 65536 NEXT 1048576 MINEXTENTS 1 MAXEXTENTS 2147483645
  PCTINCREASE 0 FREELISTS 1 FREELIST GROUPS 1 BUFFER_POOL DEFAULT FLASH_CACHE DEFAULT CELL_FLASH_CACHE DEFAULT)
  TABLESPACE "SYSTEM" ;

   COMMENT ON COLUMN "HEALTHNER"."MEETING_SCHEDULE"."MEETING_SEQ" IS '상담 시퀀스';
   COMMENT ON COLUMN "HEALTHNER"."MEETING_SCHEDULE"."NAME" IS '이름';
   COMMENT ON COLUMN "HEALTHNER"."MEETING_SCHEDULE"."PHONE" IS '연락처';
   COMMENT ON COLUMN "HEALTHNER"."MEETING_SCHEDULE"."EMAIL" IS '이메일';
   COMMENT ON COLUMN "HEALTHNER"."MEETING_SCHEDULE"."RESPONSE_FIN" IS '연락여부';
   COMMENT ON COLUMN "HEALTHNER"."MEETING_SCHEDULE"."BMI" IS '비만도';
   COMMENT ON TABLE "HEALTHNER"."MEETING_SCHEDULE"  IS '상담신청';
--------------------------------------------------------
--  DDL for Table MEMBER
--------------------------------------------------------

  CREATE TABLE "HEALTHNER"."MEMBER" 
   (	"MEMBER_NO" NUMBER, 
	"MEMBER_ID" VARCHAR2(30 BYTE), 
	"MEMBER_PW" VARCHAR2(100 BYTE), 
	"MEMBER_NAME" VARCHAR2(20 BYTE), 
	"MEMBER_NICK" VARCHAR2(40 BYTE), 
	"ZIP" VARCHAR2(10 BYTE), 
	"ROAD_ADDR" VARCHAR2(200 BYTE), 
	"DET_ADDR" VARCHAR2(200 BYTE), 
	"CARD" VARCHAR2(20 BYTE), 
	"ENROLL_DATE" VARCHAR2(20 BYTE), 
	"MEMBER_LEVEL" NUMBER, 
	"GENDER" CHAR(1 BYTE), 
	"AGE" NUMBER, 
	"MEMBER_PROFILE" VARCHAR2(1000 BYTE), 
	"EMAIL" VARCHAR2(200 BYTE), 
	"EXPIRE_DATE" DATE, 
	"PHONE" VARCHAR2(20 BYTE), 
	"EMAIL_VERIFICATION" NUMBER
   ) SEGMENT CREATION IMMEDIATE 
  PCTFREE 10 PCTUSED 40 INITRANS 1 MAXTRANS 255 NOCOMPRESS LOGGING
  STORAGE(INITIAL 65536 NEXT 1048576 MINEXTENTS 1 MAXEXTENTS 2147483645
  PCTINCREASE 0 FREELISTS 1 FREELIST GROUPS 1 BUFFER_POOL DEFAULT FLASH_CACHE DEFAULT CELL_FLASH_CACHE DEFAULT)
  TABLESPACE "SYSTEM" ;

   COMMENT ON COLUMN "HEALTHNER"."MEMBER"."MEMBER_NO" IS '회원번호';
   COMMENT ON COLUMN "HEALTHNER"."MEMBER"."MEMBER_ID" IS '회원아이디';
   COMMENT ON COLUMN "HEALTHNER"."MEMBER"."MEMBER_PW" IS '비밀번호';
   COMMENT ON COLUMN "HEALTHNER"."MEMBER"."MEMBER_NAME" IS '회원 이름';
   COMMENT ON COLUMN "HEALTHNER"."MEMBER"."MEMBER_NICK" IS '닉네임';
   COMMENT ON COLUMN "HEALTHNER"."MEMBER"."ZIP" IS '주소(우편번호)';
   COMMENT ON COLUMN "HEALTHNER"."MEMBER"."ROAD_ADDR" IS '도로명';
   COMMENT ON COLUMN "HEALTHNER"."MEMBER"."DET_ADDR" IS '상세주소';
   COMMENT ON COLUMN "HEALTHNER"."MEMBER"."CARD" IS '카드키';
   COMMENT ON COLUMN "HEALTHNER"."MEMBER"."ENROLL_DATE" IS '가입일';
   COMMENT ON COLUMN "HEALTHNER"."MEMBER"."MEMBER_LEVEL" IS '회원레벨';
   COMMENT ON COLUMN "HEALTHNER"."MEMBER"."GENDER" IS '성별';
   COMMENT ON COLUMN "HEALTHNER"."MEMBER"."AGE" IS '나이';
   COMMENT ON COLUMN "HEALTHNER"."MEMBER"."MEMBER_PROFILE" IS '프로필 이미지(파일경로)';
   COMMENT ON COLUMN "HEALTHNER"."MEMBER"."EMAIL" IS '이메일';
   COMMENT ON COLUMN "HEALTHNER"."MEMBER"."EXPIRE_DATE" IS '이용권 만기일';
   COMMENT ON COLUMN "HEALTHNER"."MEMBER"."PHONE" IS '전화번호';
   COMMENT ON COLUMN "HEALTHNER"."MEMBER"."EMAIL_VERIFICATION" IS '이메일 인증';
--------------------------------------------------------
--  DDL for Table MEMBER_MAPPING
--------------------------------------------------------

  CREATE TABLE "HEALTHNER"."MEMBER_MAPPING" 
   (	"MAPPING_SEQ" NUMBER, 
	"MEMBER_NO" NUMBER, 
	"TRAINER_NO" NUMBER, 
	"TRAINING_CNT" NUMBER, 
	"TRAINING_MAXCNT" NUMBER, 
	"TRAINING_POSTSCRIPT" VARCHAR2(2000 BYTE)
   ) SEGMENT CREATION IMMEDIATE 
  PCTFREE 10 PCTUSED 40 INITRANS 1 MAXTRANS 255 NOCOMPRESS LOGGING
  STORAGE(INITIAL 65536 NEXT 1048576 MINEXTENTS 1 MAXEXTENTS 2147483645
  PCTINCREASE 0 FREELISTS 1 FREELIST GROUPS 1 BUFFER_POOL DEFAULT FLASH_CACHE DEFAULT CELL_FLASH_CACHE DEFAULT)
  TABLESPACE "SYSTEM" ;

   COMMENT ON COLUMN "HEALTHNER"."MEMBER_MAPPING"."MAPPING_SEQ" IS '매칭 시퀀스';
   COMMENT ON COLUMN "HEALTHNER"."MEMBER_MAPPING"."MEMBER_NO" IS '회원번호';
   COMMENT ON COLUMN "HEALTHNER"."MEMBER_MAPPING"."TRAINER_NO" IS '트레이너 번호';
   COMMENT ON COLUMN "HEALTHNER"."MEMBER_MAPPING"."TRAINING_CNT" IS '트레이닝 횟수';
   COMMENT ON COLUMN "HEALTHNER"."MEMBER_MAPPING"."TRAINING_MAXCNT" IS '트레이닝 최대 횟수';
   COMMENT ON COLUMN "HEALTHNER"."MEMBER_MAPPING"."TRAINING_POSTSCRIPT" IS '트레이닝 후기';
   COMMENT ON TABLE "HEALTHNER"."MEMBER_MAPPING"  IS '회원 명단 관리';
--------------------------------------------------------
--  DDL for Table MENU_COMMENT
--------------------------------------------------------

  CREATE TABLE "HEALTHNER"."MENU_COMMENT" 
   (	"CMT_NO" NUMBER, 
	"MENU_NO" NUMBER, 
	"CMT_DATE" DATE, 
	"CMT_CONTENT" VARCHAR2(4000 BYTE), 
	"WRITER_NO" NUMBER
   ) SEGMENT CREATION IMMEDIATE 
  PCTFREE 10 PCTUSED 40 INITRANS 1 MAXTRANS 255 NOCOMPRESS LOGGING
  STORAGE(INITIAL 65536 NEXT 1048576 MINEXTENTS 1 MAXEXTENTS 2147483645
  PCTINCREASE 0 FREELISTS 1 FREELIST GROUPS 1 BUFFER_POOL DEFAULT FLASH_CACHE DEFAULT CELL_FLASH_CACHE DEFAULT)
  TABLESPACE "SYSTEM" ;

   COMMENT ON COLUMN "HEALTHNER"."MENU_COMMENT"."CMT_NO" IS '댓글 시퀀스';
   COMMENT ON COLUMN "HEALTHNER"."MENU_COMMENT"."MENU_NO" IS '식단 게시글';
   COMMENT ON COLUMN "HEALTHNER"."MENU_COMMENT"."CMT_DATE" IS '댓글일시';
   COMMENT ON COLUMN "HEALTHNER"."MENU_COMMENT"."CMT_CONTENT" IS '댓글 콘텐츠';
   COMMENT ON COLUMN "HEALTHNER"."MENU_COMMENT"."WRITER_NO" IS '작성자 번호';
   COMMENT ON TABLE "HEALTHNER"."MENU_COMMENT"  IS '회원 식단 코멘트';
--------------------------------------------------------
--  DDL for Table NOTICE
--------------------------------------------------------

  CREATE TABLE "HEALTHNER"."NOTICE" 
   (	"NOTICE_NO" NUMBER, 
	"NOTICE_TITLE" VARCHAR2(200 BYTE), 
	"NOTICE_CONTENT" VARCHAR2(4000 BYTE), 
	"NOTICE_DATE" VARCHAR2(20 BYTE), 
	"NOTICE_FILENAME" VARCHAR2(1000 BYTE)
   ) SEGMENT CREATION IMMEDIATE 
  PCTFREE 10 PCTUSED 40 INITRANS 1 MAXTRANS 255 NOCOMPRESS LOGGING
  STORAGE(INITIAL 65536 NEXT 1048576 MINEXTENTS 1 MAXEXTENTS 2147483645
  PCTINCREASE 0 FREELISTS 1 FREELIST GROUPS 1 BUFFER_POOL DEFAULT FLASH_CACHE DEFAULT CELL_FLASH_CACHE DEFAULT)
  TABLESPACE "SYSTEM" ;

   COMMENT ON COLUMN "HEALTHNER"."NOTICE"."NOTICE_NO" IS '공지사항번호';
   COMMENT ON COLUMN "HEALTHNER"."NOTICE"."NOTICE_TITLE" IS '글제목';
   COMMENT ON COLUMN "HEALTHNER"."NOTICE"."NOTICE_CONTENT" IS '글내용';
   COMMENT ON COLUMN "HEALTHNER"."NOTICE"."NOTICE_DATE" IS '작성날짜';
   COMMENT ON COLUMN "HEALTHNER"."NOTICE"."NOTICE_FILENAME" IS '파일이름';
   COMMENT ON TABLE "HEALTHNER"."NOTICE"  IS '공지사항';
--------------------------------------------------------
--  DDL for Table NUTRITION_TABLE
--------------------------------------------------------

  CREATE TABLE "HEALTHNER"."NUTRITION_TABLE" 
   (	"FOOD_NAME" VARCHAR2(200 BYTE), 
	"KCAL" NUMBER
   ) SEGMENT CREATION IMMEDIATE 
  PCTFREE 10 PCTUSED 40 INITRANS 1 MAXTRANS 255 NOCOMPRESS LOGGING
  STORAGE(INITIAL 65536 NEXT 1048576 MINEXTENTS 1 MAXEXTENTS 2147483645
  PCTINCREASE 0 FREELISTS 1 FREELIST GROUPS 1 BUFFER_POOL DEFAULT FLASH_CACHE DEFAULT CELL_FLASH_CACHE DEFAULT)
  TABLESPACE "SYSTEM" ;

   COMMENT ON COLUMN "HEALTHNER"."NUTRITION_TABLE"."FOOD_NAME" IS '음식 이름';
   COMMENT ON COLUMN "HEALTHNER"."NUTRITION_TABLE"."KCAL" IS '칼로리';
   COMMENT ON TABLE "HEALTHNER"."NUTRITION_TABLE"  IS '음식 목록';
--------------------------------------------------------
--  DDL for Table PRODUCT
--------------------------------------------------------

  CREATE TABLE "HEALTHNER"."PRODUCT" 
   (	"PNO" NUMBER, 
	"PNAME" VARCHAR2(100 BYTE), 
	"PCONTENT" VARCHAR2(2000 BYTE), 
	"PRICE" NUMBER, 
	"STOCK" NUMBER, 
	"CATEGORY" NUMBER, 
	"CATEGORY2" NUMBER, 
	"CATEGORY3" NUMBER, 
	"THUMBNAIL" VARCHAR2(200 BYTE)
   ) SEGMENT CREATION IMMEDIATE 
  PCTFREE 10 PCTUSED 40 INITRANS 1 MAXTRANS 255 NOCOMPRESS LOGGING
  STORAGE(INITIAL 65536 NEXT 1048576 MINEXTENTS 1 MAXEXTENTS 2147483645
  PCTINCREASE 0 FREELISTS 1 FREELIST GROUPS 1 BUFFER_POOL DEFAULT FLASH_CACHE DEFAULT CELL_FLASH_CACHE DEFAULT)
  TABLESPACE "SYSTEM" ;

   COMMENT ON COLUMN "HEALTHNER"."PRODUCT"."PNO" IS '상품넘버';
   COMMENT ON COLUMN "HEALTHNER"."PRODUCT"."PNAME" IS '상품이름';
   COMMENT ON COLUMN "HEALTHNER"."PRODUCT"."PCONTENT" IS '상품설명';
   COMMENT ON COLUMN "HEALTHNER"."PRODUCT"."PRICE" IS '상품가격';
   COMMENT ON COLUMN "HEALTHNER"."PRODUCT"."STOCK" IS '상품수량';
   COMMENT ON COLUMN "HEALTHNER"."PRODUCT"."CATEGORY" IS '카테고리';
   COMMENT ON COLUMN "HEALTHNER"."PRODUCT"."CATEGORY2" IS '카테고리2';
   COMMENT ON COLUMN "HEALTHNER"."PRODUCT"."CATEGORY3" IS '카테고리3';
   COMMENT ON TABLE "HEALTHNER"."PRODUCT"  IS '상품정보';
--------------------------------------------------------
--  DDL for Table PROFESSIONAL_CATEGORY
--------------------------------------------------------

  CREATE TABLE "HEALTHNER"."PROFESSIONAL_CATEGORY" 
   (	"CATEGORY_NO" NUMBER, 
	"CATEGORY_NAME" VARCHAR2(40 BYTE)
   ) SEGMENT CREATION IMMEDIATE 
  PCTFREE 10 PCTUSED 40 INITRANS 1 MAXTRANS 255 NOCOMPRESS LOGGING
  STORAGE(INITIAL 65536 NEXT 1048576 MINEXTENTS 1 MAXEXTENTS 2147483645
  PCTINCREASE 0 FREELISTS 1 FREELIST GROUPS 1 BUFFER_POOL DEFAULT FLASH_CACHE DEFAULT CELL_FLASH_CACHE DEFAULT)
  TABLESPACE "SYSTEM" ;

   COMMENT ON COLUMN "HEALTHNER"."PROFESSIONAL_CATEGORY"."CATEGORY_NO" IS '특기 번호';
   COMMENT ON COLUMN "HEALTHNER"."PROFESSIONAL_CATEGORY"."CATEGORY_NAME" IS '특기 이름';
   COMMENT ON TABLE "HEALTHNER"."PROFESSIONAL_CATEGORY"  IS '특징 테이블';
--------------------------------------------------------
--  DDL for Table PURCHASE
--------------------------------------------------------

  CREATE TABLE "HEALTHNER"."PURCHASE" 
   (	"BUY_NO" NUMBER, 
	"MEMBER_NO" NUMBER, 
	"BUY_DATE" VARCHAR2(20 BYTE), 
	"BUY_ADDR" VARCHAR2(300 BYTE), 
	"TOTAL_PRICE" NUMBER, 
	"DELIVERY_BOOL" NUMBER DEFAULT 0, 
	"INVOICE_NUMBER" VARCHAR2(100 BYTE)
   ) SEGMENT CREATION IMMEDIATE 
  PCTFREE 10 PCTUSED 40 INITRANS 1 MAXTRANS 255 NOCOMPRESS LOGGING
  STORAGE(INITIAL 65536 NEXT 1048576 MINEXTENTS 1 MAXEXTENTS 2147483645
  PCTINCREASE 0 FREELISTS 1 FREELIST GROUPS 1 BUFFER_POOL DEFAULT FLASH_CACHE DEFAULT CELL_FLASH_CACHE DEFAULT)
  TABLESPACE "SYSTEM" ;

   COMMENT ON COLUMN "HEALTHNER"."PURCHASE"."BUY_NO" IS '결제넘버';
   COMMENT ON COLUMN "HEALTHNER"."PURCHASE"."MEMBER_NO" IS '멤버넘버';
   COMMENT ON COLUMN "HEALTHNER"."PURCHASE"."BUY_DATE" IS '결제날짜';
   COMMENT ON COLUMN "HEALTHNER"."PURCHASE"."BUY_ADDR" IS '실제받을주소';
   COMMENT ON COLUMN "HEALTHNER"."PURCHASE"."TOTAL_PRICE" IS '총가격';
   COMMENT ON COLUMN "HEALTHNER"."PURCHASE"."DELIVERY_BOOL" IS '배송여부';
   COMMENT ON COLUMN "HEALTHNER"."PURCHASE"."INVOICE_NUMBER" IS '송장번호';
   COMMENT ON TABLE "HEALTHNER"."PURCHASE"  IS '결제테이블';
--------------------------------------------------------
--  DDL for Table REPORT
--------------------------------------------------------

  CREATE TABLE "HEALTHNER"."REPORT" 
   (	"WRITE_TYPE" NUMBER, 
	"WRITE_NO" NUMBER, 
	"REPORTED_NO" NUMBER, 
	"MEMBER_NO" NUMBER, 
	"REPORT_CAT" NUMBER, 
	"REPORT_DETAIL" VARCHAR2(900 BYTE)
   ) SEGMENT CREATION IMMEDIATE 
  PCTFREE 10 PCTUSED 40 INITRANS 1 MAXTRANS 255 NOCOMPRESS LOGGING
  STORAGE(INITIAL 65536 NEXT 1048576 MINEXTENTS 1 MAXEXTENTS 2147483645
  PCTINCREASE 0 FREELISTS 1 FREELIST GROUPS 1 BUFFER_POOL DEFAULT FLASH_CACHE DEFAULT CELL_FLASH_CACHE DEFAULT)
  TABLESPACE "SYSTEM" ;

   COMMENT ON COLUMN "HEALTHNER"."REPORT"."WRITE_TYPE" IS '게시글 타입';
   COMMENT ON COLUMN "HEALTHNER"."REPORT"."WRITE_NO" IS '글 번호';
   COMMENT ON COLUMN "HEALTHNER"."REPORT"."REPORTED_NO" IS '신고 당한 회원 번호';
   COMMENT ON COLUMN "HEALTHNER"."REPORT"."MEMBER_NO" IS '신고한 회원 번호';
   COMMENT ON COLUMN "HEALTHNER"."REPORT"."REPORT_CAT" IS '신고 사유';
   COMMENT ON COLUMN "HEALTHNER"."REPORT"."REPORT_DETAIL" IS '상세 신고사유';
   COMMENT ON TABLE "HEALTHNER"."REPORT"  IS '신고';
--------------------------------------------------------
--  DDL for Table REPORT_CAT
--------------------------------------------------------

  CREATE TABLE "HEALTHNER"."REPORT_CAT" 
   (	"REPORT_NO" NUMBER, 
	"REPORT_CAT" VARCHAR2(100 BYTE)
   ) SEGMENT CREATION IMMEDIATE 
  PCTFREE 10 PCTUSED 40 INITRANS 1 MAXTRANS 255 NOCOMPRESS LOGGING
  STORAGE(INITIAL 65536 NEXT 1048576 MINEXTENTS 1 MAXEXTENTS 2147483645
  PCTINCREASE 0 FREELISTS 1 FREELIST GROUPS 1 BUFFER_POOL DEFAULT FLASH_CACHE DEFAULT CELL_FLASH_CACHE DEFAULT)
  TABLESPACE "SYSTEM" ;

   COMMENT ON COLUMN "HEALTHNER"."REPORT_CAT"."REPORT_NO" IS '신고 시퀀스';
   COMMENT ON COLUMN "HEALTHNER"."REPORT_CAT"."REPORT_CAT" IS '신고 사유';
   COMMENT ON TABLE "HEALTHNER"."REPORT_CAT"  IS '신고 시유';
--------------------------------------------------------
--  DDL for Table TRAINER
--------------------------------------------------------

  CREATE TABLE "HEALTHNER"."TRAINER" 
   (	"MEMBER_NO" NUMBER, 
	"TRAINER_INTRO" VARCHAR2(2000 BYTE), 
	"CAT_FIRST" NUMBER, 
	"CAT_SECOND" NUMBER, 
	"CAT_THIRD" NUMBER
   ) SEGMENT CREATION IMMEDIATE 
  PCTFREE 10 PCTUSED 40 INITRANS 1 MAXTRANS 255 NOCOMPRESS LOGGING
  STORAGE(INITIAL 65536 NEXT 1048576 MINEXTENTS 1 MAXEXTENTS 2147483645
  PCTINCREASE 0 FREELISTS 1 FREELIST GROUPS 1 BUFFER_POOL DEFAULT FLASH_CACHE DEFAULT CELL_FLASH_CACHE DEFAULT)
  TABLESPACE "SYSTEM" ;

   COMMENT ON COLUMN "HEALTHNER"."TRAINER"."MEMBER_NO" IS '회원번호';
   COMMENT ON COLUMN "HEALTHNER"."TRAINER"."TRAINER_INTRO" IS '자기소개';
   COMMENT ON COLUMN "HEALTHNER"."TRAINER"."CAT_FIRST" IS '주특기1';
   COMMENT ON COLUMN "HEALTHNER"."TRAINER"."CAT_SECOND" IS '주특기2';
   COMMENT ON COLUMN "HEALTHNER"."TRAINER"."CAT_THIRD" IS '주특기3';
   COMMENT ON TABLE "HEALTHNER"."TRAINER"  IS '트레이너 정보 입력';
--------------------------------------------------------
--  DDL for Sequence BAN_LIST_SEQ
--------------------------------------------------------

   CREATE SEQUENCE  "HEALTHNER"."BAN_LIST_SEQ"  MINVALUE 1 MAXVALUE 9999999999999999999999999999 INCREMENT BY 1 START WITH 41 CACHE 20 NOORDER  NOCYCLE ;
--------------------------------------------------------
--  DDL for Sequence BMI_SEQ
--------------------------------------------------------

   CREATE SEQUENCE  "HEALTHNER"."BMI_SEQ"  MINVALUE 1 MAXVALUE 9999999999999999999999999999 INCREMENT BY 1 START WITH 61 CACHE 20 NOORDER  NOCYCLE ;
--------------------------------------------------------
--  DDL for Sequence BOARD_COMMENT_SEQ
--------------------------------------------------------

   CREATE SEQUENCE  "HEALTHNER"."BOARD_COMMENT_SEQ"  MINVALUE 1 MAXVALUE 9999999999999999999999999999 INCREMENT BY 1 START WITH 41 CACHE 20 NOORDER  NOCYCLE ;
--------------------------------------------------------
--  DDL for Sequence BOARD_SEQ
--------------------------------------------------------

   CREATE SEQUENCE  "HEALTHNER"."BOARD_SEQ"  MINVALUE 1 MAXVALUE 9999999999999999999999999999 INCREMENT BY 1 START WITH 61 CACHE 20 NOORDER  NOCYCLE ;
--------------------------------------------------------
--  DDL for Sequence EAT_LOG_SEQ
--------------------------------------------------------

   CREATE SEQUENCE  "HEALTHNER"."EAT_LOG_SEQ"  MINVALUE 1 MAXVALUE 9999999999999999999999999999 INCREMENT BY 1 START WITH 61 CACHE 20 NOORDER  NOCYCLE ;
--------------------------------------------------------
--  DDL for Sequence MAIL_SEQ
--------------------------------------------------------

   CREATE SEQUENCE  "HEALTHNER"."MAIL_SEQ"  MINVALUE 1 MAXVALUE 9999999999999999999999999999 INCREMENT BY 1 START WITH 221 CACHE 20 NOORDER  NOCYCLE ;
--------------------------------------------------------
--  DDL for Sequence MEETING_SCHEDULE_SEQ
--------------------------------------------------------

   CREATE SEQUENCE  "HEALTHNER"."MEETING_SCHEDULE_SEQ"  MINVALUE 1 MAXVALUE 9999999999999999999999999999 INCREMENT BY 1 START WITH 21 CACHE 20 NOORDER  NOCYCLE ;
--------------------------------------------------------
--  DDL for Sequence MEMBER_MAPPING_SEQ
--------------------------------------------------------

   CREATE SEQUENCE  "HEALTHNER"."MEMBER_MAPPING_SEQ"  MINVALUE 1 MAXVALUE 9999999999999999999999999999 INCREMENT BY 1 START WITH 61 CACHE 20 NOORDER  NOCYCLE ;
--------------------------------------------------------
--  DDL for Sequence MEMBER_SEQ
--------------------------------------------------------

   CREATE SEQUENCE  "HEALTHNER"."MEMBER_SEQ"  MINVALUE 1 MAXVALUE 9999999999999999999999999999 INCREMENT BY 1 START WITH 161 CACHE 20 NOORDER  NOCYCLE ;
--------------------------------------------------------
--  DDL for Sequence MENU_COMMENT_SEQ
--------------------------------------------------------

   CREATE SEQUENCE  "HEALTHNER"."MENU_COMMENT_SEQ"  MINVALUE 1 MAXVALUE 9999999999999999999999999999 INCREMENT BY 1 START WITH 101 CACHE 20 NOORDER  NOCYCLE ;
--------------------------------------------------------
--  DDL for Sequence NOTICE_SEQ
--------------------------------------------------------

   CREATE SEQUENCE  "HEALTHNER"."NOTICE_SEQ"  MINVALUE 1 MAXVALUE 9999999999999999999999999999 INCREMENT BY 1 START WITH 21 CACHE 20 NOORDER  NOCYCLE ;
--------------------------------------------------------
--  DDL for Sequence PRODUCT_SEQ
--------------------------------------------------------

   CREATE SEQUENCE  "HEALTHNER"."PRODUCT_SEQ"  MINVALUE 1 MAXVALUE 9999999999999999999999999999 INCREMENT BY 1 START WITH 81 CACHE 20 NOORDER  NOCYCLE ;
--------------------------------------------------------
--  DDL for Sequence PROFESSIONAL_CATEGORY_SEQ
--------------------------------------------------------

   CREATE SEQUENCE  "HEALTHNER"."PROFESSIONAL_CATEGORY_SEQ"  MINVALUE 1 MAXVALUE 9999999999999999999999999999 INCREMENT BY 1 START WITH 21 CACHE 20 NOORDER  NOCYCLE ;
--------------------------------------------------------
--  DDL for Sequence PURCHASE_SEQ
--------------------------------------------------------

   CREATE SEQUENCE  "HEALTHNER"."PURCHASE_SEQ"  MINVALUE 1 MAXVALUE 9999999999999999999999999999 INCREMENT BY 1 START WITH 41 CACHE 20 NOORDER  NOCYCLE ;
--------------------------------------------------------
--  DDL for Sequence REPORT_CAT_SEQ
--------------------------------------------------------

   CREATE SEQUENCE  "HEALTHNER"."REPORT_CAT_SEQ"  MINVALUE 1 MAXVALUE 9999999999999999999999999999 INCREMENT BY 1 START WITH 21 CACHE 20 NOORDER  NOCYCLE ;
REM INSERTING into HEALTHNER.ATTENDANCE
SET DEFINE OFF;
Insert into HEALTHNER.ATTENDANCE (MEMBER_NO,ATTEND_DATE) values (6,to_date('20/06/19 9:33:10','RR/MM/DD HH24:MI:SS'));
Insert into HEALTHNER.ATTENDANCE (MEMBER_NO,ATTEND_DATE) values (4,to_date('20/06/19 9:34:10','RR/MM/DD HH24:MI:SS'));
Insert into HEALTHNER.ATTENDANCE (MEMBER_NO,ATTEND_DATE) values (6,to_date('20/06/19 10:33:10','RR/MM/DD HH24:MI:SS'));
Insert into HEALTHNER.ATTENDANCE (MEMBER_NO,ATTEND_DATE) values (4,to_date('20/06/19 11:10:10','RR/MM/DD HH24:MI:SS'));
Insert into HEALTHNER.ATTENDANCE (MEMBER_NO,ATTEND_DATE) values (4,to_date('20/06/20 9:33:10','RR/MM/DD HH24:MI:SS'));
Insert into HEALTHNER.ATTENDANCE (MEMBER_NO,ATTEND_DATE) values (6,to_date('20/06/20 9:34:10','RR/MM/DD HH24:MI:SS'));
Insert into HEALTHNER.ATTENDANCE (MEMBER_NO,ATTEND_DATE) values (4,to_date('20/06/20 11:10:10','RR/MM/DD HH24:MI:SS'));
Insert into HEALTHNER.ATTENDANCE (MEMBER_NO,ATTEND_DATE) values (6,to_date('20/06/20 10:45:10','RR/MM/DD HH24:MI:SS'));
Insert into HEALTHNER.ATTENDANCE (MEMBER_NO,ATTEND_DATE) values (4,to_date('20/06/20 18:33:10','RR/MM/DD HH24:MI:SS'));
Insert into HEALTHNER.ATTENDANCE (MEMBER_NO,ATTEND_DATE) values (4,to_date('20/06/20 19:11:10','RR/MM/DD HH24:MI:SS'));
Insert into HEALTHNER.ATTENDANCE (MEMBER_NO,ATTEND_DATE) values (4,to_date('20/06/21 9:33:10','RR/MM/DD HH24:MI:SS'));
Insert into HEALTHNER.ATTENDANCE (MEMBER_NO,ATTEND_DATE) values (4,to_date('20/06/21 10:53:10','RR/MM/DD HH24:MI:SS'));
Insert into HEALTHNER.ATTENDANCE (MEMBER_NO,ATTEND_DATE) values (6,to_date('20/06/21 16:33:10','RR/MM/DD HH24:MI:SS'));
Insert into HEALTHNER.ATTENDANCE (MEMBER_NO,ATTEND_DATE) values (6,to_date('20/06/21 18:9:10','RR/MM/DD HH24:MI:SS'));
Insert into HEALTHNER.ATTENDANCE (MEMBER_NO,ATTEND_DATE) values (4,to_date('20/06/22 8:21:10','RR/MM/DD HH24:MI:SS'));
Insert into HEALTHNER.ATTENDANCE (MEMBER_NO,ATTEND_DATE) values (6,to_date('20/06/22 9:33:10','RR/MM/DD HH24:MI:SS'));
Insert into HEALTHNER.ATTENDANCE (MEMBER_NO,ATTEND_DATE) values (4,to_date('20/06/22 9:43:10','RR/MM/DD HH24:MI:SS'));
Insert into HEALTHNER.ATTENDANCE (MEMBER_NO,ATTEND_DATE) values (6,to_date('20/06/22 11:13:10','RR/MM/DD HH24:MI:SS'));
Insert into HEALTHNER.ATTENDANCE (MEMBER_NO,ATTEND_DATE) values (4,to_date('20/06/22 18:23:10','RR/MM/DD HH24:MI:SS'));
Insert into HEALTHNER.ATTENDANCE (MEMBER_NO,ATTEND_DATE) values (4,to_date('20/06/22 19:43:10','RR/MM/DD HH24:MI:SS'));
Insert into HEALTHNER.ATTENDANCE (MEMBER_NO,ATTEND_DATE) values (6,to_date('20/06/23 9:33:10','RR/MM/DD HH24:MI:SS'));
Insert into HEALTHNER.ATTENDANCE (MEMBER_NO,ATTEND_DATE) values (6,to_date('20/06/23 11:13:10','RR/MM/DD HH24:MI:SS'));
Insert into HEALTHNER.ATTENDANCE (MEMBER_NO,ATTEND_DATE) values (4,to_date('20/06/23 18:23:10','RR/MM/DD HH24:MI:SS'));
Insert into HEALTHNER.ATTENDANCE (MEMBER_NO,ATTEND_DATE) values (4,to_date('20/06/23 19:43:10','RR/MM/DD HH24:MI:SS'));
Insert into HEALTHNER.ATTENDANCE (MEMBER_NO,ATTEND_DATE) values (6,to_date('20/06/24 10:23:10','RR/MM/DD HH24:MI:SS'));
Insert into HEALTHNER.ATTENDANCE (MEMBER_NO,ATTEND_DATE) values (6,to_date('20/06/24 11:53:10','RR/MM/DD HH24:MI:SS'));
Insert into HEALTHNER.ATTENDANCE (MEMBER_NO,ATTEND_DATE) values (4,to_date('20/06/24 18:23:10','RR/MM/DD HH24:MI:SS'));
Insert into HEALTHNER.ATTENDANCE (MEMBER_NO,ATTEND_DATE) values (4,to_date('20/06/24 20:12:10','RR/MM/DD HH24:MI:SS'));
Insert into HEALTHNER.ATTENDANCE (MEMBER_NO,ATTEND_DATE) values (4,to_date('20/06/25 8:33:10','RR/MM/DD HH24:MI:SS'));
Insert into HEALTHNER.ATTENDANCE (MEMBER_NO,ATTEND_DATE) values (4,to_date('20/06/25 9:45:10','RR/MM/DD HH24:MI:SS'));
Insert into HEALTHNER.ATTENDANCE (MEMBER_NO,ATTEND_DATE) values (6,to_date('20/06/25 10:23:10','RR/MM/DD HH24:MI:SS'));
Insert into HEALTHNER.ATTENDANCE (MEMBER_NO,ATTEND_DATE) values (6,to_date('20/06/25 12:53:10','RR/MM/DD HH24:MI:SS'));
Insert into HEALTHNER.ATTENDANCE (MEMBER_NO,ATTEND_DATE) values (4,to_date('20/06/25 18:23:10','RR/MM/DD HH24:MI:SS'));
Insert into HEALTHNER.ATTENDANCE (MEMBER_NO,ATTEND_DATE) values (4,to_date('20/06/25 19:32:10','RR/MM/DD HH24:MI:SS'));
Insert into HEALTHNER.ATTENDANCE (MEMBER_NO,ATTEND_DATE) values (6,to_date('20/06/26 9:23:10','RR/MM/DD HH24:MI:SS'));
Insert into HEALTHNER.ATTENDANCE (MEMBER_NO,ATTEND_DATE) values (6,to_date('20/06/26 11:13:10','RR/MM/DD HH24:MI:SS'));
Insert into HEALTHNER.ATTENDANCE (MEMBER_NO,ATTEND_DATE) values (4,to_date('20/06/26 18:23:10','RR/MM/DD HH24:MI:SS'));
Insert into HEALTHNER.ATTENDANCE (MEMBER_NO,ATTEND_DATE) values (4,to_date('20/06/26 19:32:10','RR/MM/DD HH24:MI:SS'));
Insert into HEALTHNER.ATTENDANCE (MEMBER_NO,ATTEND_DATE) values (6,to_date('20/06/27 10:23:10','RR/MM/DD HH24:MI:SS'));
Insert into HEALTHNER.ATTENDANCE (MEMBER_NO,ATTEND_DATE) values (6,to_date('20/06/27 11:43:10','RR/MM/DD HH24:MI:SS'));
Insert into HEALTHNER.ATTENDANCE (MEMBER_NO,ATTEND_DATE) values (4,to_date('20/06/27 18:23:10','RR/MM/DD HH24:MI:SS'));
Insert into HEALTHNER.ATTENDANCE (MEMBER_NO,ATTEND_DATE) values (4,to_date('20/06/27 20:10:10','RR/MM/DD HH24:MI:SS'));
Insert into HEALTHNER.ATTENDANCE (MEMBER_NO,ATTEND_DATE) values (4,to_date('20/06/28 7:23:10','RR/MM/DD HH24:MI:SS'));
Insert into HEALTHNER.ATTENDANCE (MEMBER_NO,ATTEND_DATE) values (4,to_date('20/06/28 9:10:10','RR/MM/DD HH24:MI:SS'));
Insert into HEALTHNER.ATTENDANCE (MEMBER_NO,ATTEND_DATE) values (6,to_date('20/06/28 10:23:10','RR/MM/DD HH24:MI:SS'));
Insert into HEALTHNER.ATTENDANCE (MEMBER_NO,ATTEND_DATE) values (6,to_date('20/06/28 11:11:10','RR/MM/DD HH24:MI:SS'));
Insert into HEALTHNER.ATTENDANCE (MEMBER_NO,ATTEND_DATE) values (4,to_date('20/06/29 7:11:10','RR/MM/DD HH24:MI:SS'));
Insert into HEALTHNER.ATTENDANCE (MEMBER_NO,ATTEND_DATE) values (4,to_date('20/06/29 9:32:10','RR/MM/DD HH24:MI:SS'));
Insert into HEALTHNER.ATTENDANCE (MEMBER_NO,ATTEND_DATE) values (6,to_date('20/06/29 10:20:10','RR/MM/DD HH24:MI:SS'));
Insert into HEALTHNER.ATTENDANCE (MEMBER_NO,ATTEND_DATE) values (6,to_date('20/06/29 11:15:10','RR/MM/DD HH24:MI:SS'));
Insert into HEALTHNER.ATTENDANCE (MEMBER_NO,ATTEND_DATE) values (4,to_date('20/06/30 7:2:10','RR/MM/DD HH24:MI:SS'));
Insert into HEALTHNER.ATTENDANCE (MEMBER_NO,ATTEND_DATE) values (4,to_date('20/06/30 9:14:10','RR/MM/DD HH24:MI:SS'));
Insert into HEALTHNER.ATTENDANCE (MEMBER_NO,ATTEND_DATE) values (6,to_date('20/06/30 10:3:10','RR/MM/DD HH24:MI:SS'));
Insert into HEALTHNER.ATTENDANCE (MEMBER_NO,ATTEND_DATE) values (6,to_date('20/06/30 11:15:10','RR/MM/DD HH24:MI:SS'));
Insert into HEALTHNER.ATTENDANCE (MEMBER_NO,ATTEND_DATE) values (4,to_date('20/06/30 10:3:10','RR/MM/DD HH24:MI:SS'));
Insert into HEALTHNER.ATTENDANCE (MEMBER_NO,ATTEND_DATE) values (4,to_date('20/06/30 11:15:10','RR/MM/DD HH24:MI:SS'));
Insert into HEALTHNER.ATTENDANCE (MEMBER_NO,ATTEND_DATE) values (4,to_date('20/07/01 8:2:10','RR/MM/DD HH24:MI:SS'));
Insert into HEALTHNER.ATTENDANCE (MEMBER_NO,ATTEND_DATE) values (4,to_date('20/07/01 9:31:10','RR/MM/DD HH24:MI:SS'));
Insert into HEALTHNER.ATTENDANCE (MEMBER_NO,ATTEND_DATE) values (6,to_date('20/07/01 17:13:10','RR/MM/DD HH24:MI:SS'));
Insert into HEALTHNER.ATTENDANCE (MEMBER_NO,ATTEND_DATE) values (6,to_date('20/07/01 18:40:10','RR/MM/DD HH24:MI:SS'));
Insert into HEALTHNER.ATTENDANCE (MEMBER_NO,ATTEND_DATE) values (4,to_date('20/07/02 8:2:10','RR/MM/DD HH24:MI:SS'));
Insert into HEALTHNER.ATTENDANCE (MEMBER_NO,ATTEND_DATE) values (4,to_date('20/07/02 9:10:10','RR/MM/DD HH24:MI:SS'));
Insert into HEALTHNER.ATTENDANCE (MEMBER_NO,ATTEND_DATE) values (6,to_date('20/07/02 17:13:10','RR/MM/DD HH24:MI:SS'));
Insert into HEALTHNER.ATTENDANCE (MEMBER_NO,ATTEND_DATE) values (6,to_date('20/07/02 18:40:10','RR/MM/DD HH24:MI:SS'));
Insert into HEALTHNER.ATTENDANCE (MEMBER_NO,ATTEND_DATE) values (4,to_date('20/07/02 19:2:10','RR/MM/DD HH24:MI:SS'));
Insert into HEALTHNER.ATTENDANCE (MEMBER_NO,ATTEND_DATE) values (4,to_date('20/07/02 19:50:10','RR/MM/DD HH24:MI:SS'));
Insert into HEALTHNER.ATTENDANCE (MEMBER_NO,ATTEND_DATE) values (6,to_date('20/07/03 17:7:10','RR/MM/DD HH24:MI:SS'));
Insert into HEALTHNER.ATTENDANCE (MEMBER_NO,ATTEND_DATE) values (6,to_date('20/07/03 18:31:10','RR/MM/DD HH24:MI:SS'));
Insert into HEALTHNER.ATTENDANCE (MEMBER_NO,ATTEND_DATE) values (4,to_date('20/07/03 19:22:10','RR/MM/DD HH24:MI:SS'));
Insert into HEALTHNER.ATTENDANCE (MEMBER_NO,ATTEND_DATE) values (4,to_date('20/07/03 20:42:10','RR/MM/DD HH24:MI:SS'));
Insert into HEALTHNER.ATTENDANCE (MEMBER_NO,ATTEND_DATE) values (6,to_date('20/07/04 7:13:10','RR/MM/DD HH24:MI:SS'));
Insert into HEALTHNER.ATTENDANCE (MEMBER_NO,ATTEND_DATE) values (6,to_date('20/07/04 8:40:10','RR/MM/DD HH24:MI:SS'));
Insert into HEALTHNER.ATTENDANCE (MEMBER_NO,ATTEND_DATE) values (4,to_date('20/07/04 9:52:10','RR/MM/DD HH24:MI:SS'));
Insert into HEALTHNER.ATTENDANCE (MEMBER_NO,ATTEND_DATE) values (4,to_date('20/07/04 11:10:10','RR/MM/DD HH24:MI:SS'));
Insert into HEALTHNER.ATTENDANCE (MEMBER_NO,ATTEND_DATE) values (6,to_date('20/07/05 10:3:10','RR/MM/DD HH24:MI:SS'));
Insert into HEALTHNER.ATTENDANCE (MEMBER_NO,ATTEND_DATE) values (6,to_date('20/07/05 12:21:10','RR/MM/DD HH24:MI:SS'));
Insert into HEALTHNER.ATTENDANCE (MEMBER_NO,ATTEND_DATE) values (4,to_date('20/07/05 20:12:10','RR/MM/DD HH24:MI:SS'));
Insert into HEALTHNER.ATTENDANCE (MEMBER_NO,ATTEND_DATE) values (4,to_date('20/07/05 22:0:10','RR/MM/DD HH24:MI:SS'));
Insert into HEALTHNER.ATTENDANCE (MEMBER_NO,ATTEND_DATE) values (6,to_date('20/07/06 9:3:10','RR/MM/DD HH24:MI:SS'));
Insert into HEALTHNER.ATTENDANCE (MEMBER_NO,ATTEND_DATE) values (6,to_date('20/07/06 11:14:10','RR/MM/DD HH24:MI:SS'));
Insert into HEALTHNER.ATTENDANCE (MEMBER_NO,ATTEND_DATE) values (4,to_date('20/07/06 20:12:10','RR/MM/DD HH24:MI:SS'));
Insert into HEALTHNER.ATTENDANCE (MEMBER_NO,ATTEND_DATE) values (4,to_date('20/07/06 21:42:10','RR/MM/DD HH24:MI:SS'));
Insert into HEALTHNER.ATTENDANCE (MEMBER_NO,ATTEND_DATE) values (6,to_date('20/07/07 7:13:10','RR/MM/DD HH24:MI:SS'));
Insert into HEALTHNER.ATTENDANCE (MEMBER_NO,ATTEND_DATE) values (6,to_date('20/07/07 9:21:10','RR/MM/DD HH24:MI:SS'));
Insert into HEALTHNER.ATTENDANCE (MEMBER_NO,ATTEND_DATE) values (4,to_date('20/07/07 9:32:10','RR/MM/DD HH24:MI:SS'));
Insert into HEALTHNER.ATTENDANCE (MEMBER_NO,ATTEND_DATE) values (4,to_date('20/07/07 11:14:10','RR/MM/DD HH24:MI:SS'));
Insert into HEALTHNER.ATTENDANCE (MEMBER_NO,ATTEND_DATE) values (6,to_date('20/07/08 7:11:10','RR/MM/DD HH24:MI:SS'));
Insert into HEALTHNER.ATTENDANCE (MEMBER_NO,ATTEND_DATE) values (6,to_date('20/07/08 9:31:10','RR/MM/DD HH24:MI:SS'));
Insert into HEALTHNER.ATTENDANCE (MEMBER_NO,ATTEND_DATE) values (4,to_date('20/07/08 10:12:10','RR/MM/DD HH24:MI:SS'));
Insert into HEALTHNER.ATTENDANCE (MEMBER_NO,ATTEND_DATE) values (4,to_date('20/07/08 12:31:10','RR/MM/DD HH24:MI:SS'));
Insert into HEALTHNER.ATTENDANCE (MEMBER_NO,ATTEND_DATE) values (6,to_date('20/07/08 17:31:10','RR/MM/DD HH24:MI:SS'));
Insert into HEALTHNER.ATTENDANCE (MEMBER_NO,ATTEND_DATE) values (6,to_date('20/07/08 18:31:10','RR/MM/DD HH24:MI:SS'));
Insert into HEALTHNER.ATTENDANCE (MEMBER_NO,ATTEND_DATE) values (4,to_date('20/07/08 23:31:10','RR/MM/DD HH24:MI:SS'));
Insert into HEALTHNER.ATTENDANCE (MEMBER_NO,ATTEND_DATE) values (4,to_date('20/07/08 23:59:59','RR/MM/DD HH24:MI:SS'));
Insert into HEALTHNER.ATTENDANCE (MEMBER_NO,ATTEND_DATE) values (6,to_date('20/07/09 8:11:10','RR/MM/DD HH24:MI:SS'));
Insert into HEALTHNER.ATTENDANCE (MEMBER_NO,ATTEND_DATE) values (6,to_date('20/07/09 9:31:10','RR/MM/DD HH24:MI:SS'));
Insert into HEALTHNER.ATTENDANCE (MEMBER_NO,ATTEND_DATE) values (4,to_date('20/07/09 10:12:10','RR/MM/DD HH24:MI:SS'));
Insert into HEALTHNER.ATTENDANCE (MEMBER_NO,ATTEND_DATE) values (4,to_date('20/07/09 11:41:10','RR/MM/DD HH24:MI:SS'));
Insert into HEALTHNER.ATTENDANCE (MEMBER_NO,ATTEND_DATE) values (6,to_date('20/07/10 8:14:10','RR/MM/DD HH24:MI:SS'));
Insert into HEALTHNER.ATTENDANCE (MEMBER_NO,ATTEND_DATE) values (6,to_date('20/07/10 9:31:10','RR/MM/DD HH24:MI:SS'));
Insert into HEALTHNER.ATTENDANCE (MEMBER_NO,ATTEND_DATE) values (4,to_date('20/07/10 10:21:10','RR/MM/DD HH24:MI:SS'));
Insert into HEALTHNER.ATTENDANCE (MEMBER_NO,ATTEND_DATE) values (4,to_date('20/07/10 11:35:10','RR/MM/DD HH24:MI:SS'));
Insert into HEALTHNER.ATTENDANCE (MEMBER_NO,ATTEND_DATE) values (6,to_date('20/07/11 9:3:10','RR/MM/DD HH24:MI:SS'));
Insert into HEALTHNER.ATTENDANCE (MEMBER_NO,ATTEND_DATE) values (6,to_date('20/07/11 11:14:10','RR/MM/DD HH24:MI:SS'));
Insert into HEALTHNER.ATTENDANCE (MEMBER_NO,ATTEND_DATE) values (4,to_date('20/07/11 20:12:10','RR/MM/DD HH24:MI:SS'));
Insert into HEALTHNER.ATTENDANCE (MEMBER_NO,ATTEND_DATE) values (4,to_date('20/07/11 21:42:10','RR/MM/DD HH24:MI:SS'));
Insert into HEALTHNER.ATTENDANCE (MEMBER_NO,ATTEND_DATE) values (4,to_date('20/07/12 9:10:10','RR/MM/DD HH24:MI:SS'));
Insert into HEALTHNER.ATTENDANCE (MEMBER_NO,ATTEND_DATE) values (4,to_date('20/07/12 10:30:10','RR/MM/DD HH24:MI:SS'));
Insert into HEALTHNER.ATTENDANCE (MEMBER_NO,ATTEND_DATE) values (6,to_date('20/07/12 17:13:10','RR/MM/DD HH24:MI:SS'));
Insert into HEALTHNER.ATTENDANCE (MEMBER_NO,ATTEND_DATE) values (6,to_date('20/07/12 18:40:10','RR/MM/DD HH24:MI:SS'));
Insert into HEALTHNER.ATTENDANCE (MEMBER_NO,ATTEND_DATE) values (4,to_date('20/07/12 19:2:10','RR/MM/DD HH24:MI:SS'));
Insert into HEALTHNER.ATTENDANCE (MEMBER_NO,ATTEND_DATE) values (4,to_date('20/07/12 19:50:10','RR/MM/DD HH24:MI:SS'));
Insert into HEALTHNER.ATTENDANCE (MEMBER_NO,ATTEND_DATE) values (4,to_date('20/07/13 10:02:26','RR/MM/DD HH24:MI:SS'));
Insert into HEALTHNER.ATTENDANCE (MEMBER_NO,ATTEND_DATE) values (4,to_date('20/07/13 11:21:50','RR/MM/DD HH24:MI:SS'));
Insert into HEALTHNER.ATTENDANCE (MEMBER_NO,ATTEND_DATE) values (6,to_date('20/07/13 11:59:22','RR/MM/DD HH24:MI:SS'));
Insert into HEALTHNER.ATTENDANCE (MEMBER_NO,ATTEND_DATE) values (6,to_date('20/07/13 14:16:08','RR/MM/DD HH24:MI:SS'));
REM INSERTING into HEALTHNER.ATTENDANCE_AVGTIME
SET DEFINE OFF;
Insert into HEALTHNER.ATTENDANCE_AVGTIME (AVG_DATE,AVG_TIME) values (to_date('20/06/21','RR/MM/DD'),82);
Insert into HEALTHNER.ATTENDANCE_AVGTIME (AVG_DATE,AVG_TIME) values (to_date('20/06/22','RR/MM/DD'),84);
Insert into HEALTHNER.ATTENDANCE_AVGTIME (AVG_DATE,AVG_TIME) values (to_date('20/06/17','RR/MM/DD'),0);
Insert into HEALTHNER.ATTENDANCE_AVGTIME (AVG_DATE,AVG_TIME) values (to_date('20/06/20','RR/MM/DD'),109);
Insert into HEALTHNER.ATTENDANCE_AVGTIME (AVG_DATE,AVG_TIME) values (to_date('20/06/19','RR/MM/DD'),113);
Insert into HEALTHNER.ATTENDANCE_AVGTIME (AVG_DATE,AVG_TIME) values (to_date('20/06/18','RR/MM/DD'),0);
Insert into HEALTHNER.ATTENDANCE_AVGTIME (AVG_DATE,AVG_TIME) values (to_date('20/06/16','RR/MM/DD'),0);
Insert into HEALTHNER.ATTENDANCE_AVGTIME (AVG_DATE,AVG_TIME) values (to_date('20/06/23','RR/MM/DD'),90);
Insert into HEALTHNER.ATTENDANCE_AVGTIME (AVG_DATE,AVG_TIME) values (to_date('20/06/24','RR/MM/DD'),99);
Insert into HEALTHNER.ATTENDANCE_AVGTIME (AVG_DATE,AVG_TIME) values (to_date('20/06/25','RR/MM/DD'),145);
Insert into HEALTHNER.ATTENDANCE_AVGTIME (AVG_DATE,AVG_TIME) values (to_date('20/06/26','RR/MM/DD'),89);
Insert into HEALTHNER.ATTENDANCE_AVGTIME (AVG_DATE,AVG_TIME) values (to_date('20/06/27','RR/MM/DD'),93);
Insert into HEALTHNER.ATTENDANCE_AVGTIME (AVG_DATE,AVG_TIME) values (to_date('20/06/28','RR/MM/DD'),77);
Insert into HEALTHNER.ATTENDANCE_AVGTIME (AVG_DATE,AVG_TIME) values (to_date('20/06/29','RR/MM/DD'),98);
Insert into HEALTHNER.ATTENDANCE_AVGTIME (AVG_DATE,AVG_TIME) values (to_date('20/06/30','RR/MM/DD'),102);
Insert into HEALTHNER.ATTENDANCE_AVGTIME (AVG_DATE,AVG_TIME) values (to_date('20/07/01','RR/MM/DD'),88);
Insert into HEALTHNER.ATTENDANCE_AVGTIME (AVG_DATE,AVG_TIME) values (to_date('20/06/30','RR/MM/DD'),102);
Insert into HEALTHNER.ATTENDANCE_AVGTIME (AVG_DATE,AVG_TIME) values (to_date('20/07/01','RR/MM/DD'),88);
Insert into HEALTHNER.ATTENDANCE_AVGTIME (AVG_DATE,AVG_TIME) values (to_date('20/07/02','RR/MM/DD'),101);
Insert into HEALTHNER.ATTENDANCE_AVGTIME (AVG_DATE,AVG_TIME) values (to_date('20/07/05','RR/MM/DD'),123);
Insert into HEALTHNER.ATTENDANCE_AVGTIME (AVG_DATE,AVG_TIME) values (to_date('20/07/06','RR/MM/DD'),110);
Insert into HEALTHNER.ATTENDANCE_AVGTIME (AVG_DATE,AVG_TIME) values (to_date('20/07/03','RR/MM/DD'),82);
Insert into HEALTHNER.ATTENDANCE_AVGTIME (AVG_DATE,AVG_TIME) values (to_date('20/07/04','RR/MM/DD'),82);
Insert into HEALTHNER.ATTENDANCE_AVGTIME (AVG_DATE,AVG_TIME) values (to_date('20/07/07','RR/MM/DD'),115);
Insert into HEALTHNER.ATTENDANCE_AVGTIME (AVG_DATE,AVG_TIME) values (to_date('20/07/08','RR/MM/DD'),183);
Insert into HEALTHNER.ATTENDANCE_AVGTIME (AVG_DATE,AVG_TIME) values (to_date('20/07/09','RR/MM/DD'),84);
Insert into HEALTHNER.ATTENDANCE_AVGTIME (AVG_DATE,AVG_TIME) values (to_date('20/07/11','RR/MM/DD'),110);
Insert into HEALTHNER.ATTENDANCE_AVGTIME (AVG_DATE,AVG_TIME) values (to_date('20/07/10','RR/MM/DD'),75);
Insert into HEALTHNER.ATTENDANCE_AVGTIME (AVG_DATE,AVG_TIME) values (to_date('20/07/12','RR/MM/DD'),107);
Insert into HEALTHNER.ATTENDANCE_AVGTIME (AVG_DATE,AVG_TIME) values (to_date('20/07/13','RR/MM/DD'),107);
REM INSERTING into HEALTHNER.BAN_LIST
SET DEFINE OFF;
Insert into HEALTHNER.BAN_LIST (BAN_SEQ,MEMBER_NO,BAN_DATE) values (2,6,'20/07/27');
Insert into HEALTHNER.BAN_LIST (BAN_SEQ,MEMBER_NO,BAN_DATE) values (22,4,'20/07/28');
REM INSERTING into HEALTHNER.BASKET
SET DEFINE OFF;
Insert into HEALTHNER.BASKET (MEMBER_NO,PNO,STOCK) values (22,44,1);
Insert into HEALTHNER.BASKET (MEMBER_NO,PNO,STOCK) values (6,42,1);
Insert into HEALTHNER.BASKET (MEMBER_NO,PNO,STOCK) values (4,53,3);
REM INSERTING into HEALTHNER.BMI
SET DEFINE OFF;
Insert into HEALTHNER.BMI (INBODY_NO,MEMBER_NO,MEASURE_DATE,WEIGHT,BONE,BODYFAT,BODYWATER,PROTEIN,MINERAL,BMI,BODYFAT_PER,ABFAT_PER,METABOLISM) values (2,4,to_date('20/07/06','RR/MM/DD'),1,2,4,1,2,3,4,1,2,3);
Insert into HEALTHNER.BMI (INBODY_NO,MEMBER_NO,MEASURE_DATE,WEIGHT,BONE,BODYFAT,BODYWATER,PROTEIN,MINERAL,BMI,BODYFAT_PER,ABFAT_PER,METABOLISM) values (22,4,to_date('20/07/13','RR/MM/DD'),23,24,30,30,20,15,28,22,12,11);
Insert into HEALTHNER.BMI (INBODY_NO,MEMBER_NO,MEASURE_DATE,WEIGHT,BONE,BODYFAT,BODYWATER,PROTEIN,MINERAL,BMI,BODYFAT_PER,ABFAT_PER,METABOLISM) values (42,4,to_date('20/07/14','RR/MM/DD'),40,10,20,30,20,30,20,20,21,22);
REM INSERTING into HEALTHNER.BOARD
SET DEFINE OFF;
Insert into HEALTHNER.BOARD (BOARD_TYPE,BOARD_NO,BOARD_WRITER,BOARD_TITLE,BOARD_CONTENT,BOARD_DATE,BOARD_FILENAME,REPORT) values (0,2,4,'님들 여기 어때요?','<p>김계란&nbsp;트레이너분 좀 이상한거 같은데 저만 그렇게 느끼나요? 아니요 태규만 그래요<img alt="" src="/resources/upload/4c54a443-9573-479d-98df-393edac17a74_filled_like.png" style="height:105px; width:112px" /><img alt="" src="/resources/upload/f774dde2-6d38-4cdf-b4f9-fef3b185d5a8_1195445329999867155jean_victor_balin_cross.svg.med.png" style="height:300px; width:300px" /></p>
','20/07/13','<p>김계란&nbsp;트레이너분 좀 이상한거 같은데 저만 그렇게 느끼나요?</p>
',0);
Insert into HEALTHNER.BOARD (BOARD_TYPE,BOARD_NO,BOARD_WRITER,BOARD_TITLE,BOARD_CONTENT,BOARD_DATE,BOARD_FILENAME,REPORT) values (1,22,42,'트레이너입니다','<p>방가워요 유후</p>
','20/07/14','<p>방가워요 유후</p>
',0);
Insert into HEALTHNER.BOARD (BOARD_TYPE,BOARD_NO,BOARD_WRITER,BOARD_TITLE,BOARD_CONTENT,BOARD_DATE,BOARD_FILENAME,REPORT) values (0,24,62,'여기 이용권이요','<p>왜 하루는 15000원이나 하는거죠 이해가 안되는데요</p>
','20/07/14','<p>왜 하루는 15000원이나 하는거죠 이해가 안되는데요</p>
',0);
Insert into HEALTHNER.BOARD (BOARD_TYPE,BOARD_NO,BOARD_WRITER,BOARD_TITLE,BOARD_CONTENT,BOARD_DATE,BOARD_FILENAME,REPORT) values (0,26,62,'안녕하세요','<p><img alt="" src="/resources/upload/cc4da491-725b-469a-b4c0-ee70d32305cb_exam7.jpg" style="height:400px; width:560px" /></p>

<p>사진 너무 이쁘죠?</p>
','20/07/14','<p><img alt="" src="/resources/upload/cc4da491-725b-469a-b4c0-ee70d32305cb_exam7.jpg" style="height:400px; width:560px" /></p>

<p>사진 너무 이쁘죠?</p>
',0);
Insert into HEALTHNER.BOARD (BOARD_TYPE,BOARD_NO,BOARD_WRITER,BOARD_TITLE,BOARD_CONTENT,BOARD_DATE,BOARD_FILENAME,REPORT) values (0,28,62,'글쓰려면','<p>블로그 꼭 눌러야해서 굉장히 귀찮네요</p>
','20/07/14','<p>블로그 꼭 눌러야해서 굉장히 귀찮네요</p>
',0);
Insert into HEALTHNER.BOARD (BOARD_TYPE,BOARD_NO,BOARD_WRITER,BOARD_TITLE,BOARD_CONTENT,BOARD_DATE,BOARD_FILENAME,REPORT) values (0,30,4,'데이터터터','<p><img alt="" src="/resources/upload/18aaafe2-ea9a-40f0-b6e1-5b07fdc96527_exam3.jpg" style="height:288px; width:512px" /></p>

<p>봄이다봄</p>
','20/07/14','<p><img alt="" src="/resources/upload/18aaafe2-ea9a-40f0-b6e1-5b07fdc96527_exam3.jpg" style="height:288px; width:512px" /></p>

<p>봄이다봄</p>
',0);
Insert into HEALTHNER.BOARD (BOARD_TYPE,BOARD_NO,BOARD_WRITER,BOARD_TITLE,BOARD_CONTENT,BOARD_DATE,BOARD_FILENAME,REPORT) values (0,32,4,'샤워장 오픈했나요','<p>궁금하네요 코로나때문에 ㅎㅎ</p>
','20/07/14','<p>궁금하네요 코로나때문에 ㅎㅎ</p>
',0);
Insert into HEALTHNER.BOARD (BOARD_TYPE,BOARD_NO,BOARD_WRITER,BOARD_TITLE,BOARD_CONTENT,BOARD_DATE,BOARD_FILENAME,REPORT) values (0,34,4,'요새 사람많음?','<p>그시국이라</p>
','20/07/14','<p>그시국이라</p>
',0);
Insert into HEALTHNER.BOARD (BOARD_TYPE,BOARD_NO,BOARD_WRITER,BOARD_TITLE,BOARD_CONTENT,BOARD_DATE,BOARD_FILENAME,REPORT) values (0,36,4,'안녕','<p>바이</p>
','20/07/14','<p>바이</p>
',0);
Insert into HEALTHNER.BOARD (BOARD_TYPE,BOARD_NO,BOARD_WRITER,BOARD_TITLE,BOARD_CONTENT,BOARD_DATE,BOARD_FILENAME,REPORT) values (0,38,22,'첨이에여','<p>헬스장에 이런웹사이트가^^</p>
','20/07/14','<p>헬스장에 이런웹사이트가^^</p>
',0);
Insert into HEALTHNER.BOARD (BOARD_TYPE,BOARD_NO,BOARD_WRITER,BOARD_TITLE,BOARD_CONTENT,BOARD_DATE,BOARD_FILENAME,REPORT) values (0,40,22,'열개','<p>넘기기 힘드네 P</p>
','20/07/14','<p>넘기기 힘드네 P</p>
',0);
Insert into HEALTHNER.BOARD (BOARD_TYPE,BOARD_NO,BOARD_WRITER,BOARD_TITLE,BOARD_CONTENT,BOARD_DATE,BOARD_FILENAME,REPORT) values (0,42,4,'ㅇㅇ','<p>ㅇㅇㅇㅇㅇㅇ</p>
','20/07/14','<p>ㅇㅇㅇㅇㅇㅇ</p>
',0);
REM INSERTING into HEALTHNER.BOARD_COMMENT
SET DEFINE OFF;
Insert into HEALTHNER.BOARD_COMMENT (COMMENT_NO,COMMENT_WRITER,COMMENT_CONTENT,COMMENT_DATE,COMMENT_LEVEL,REF,COMMENT_REF) values (2,6,'저도 그분한테 받아봤는데 잘하시던데여?','20/07/13',1,2,null);
Insert into HEALTHNER.BOARD_COMMENT (COMMENT_NO,COMMENT_WRITER,COMMENT_CONTENT,COMMENT_DATE,COMMENT_LEVEL,REF,COMMENT_REF) values (4,4,'이상하네요.. 거짓말하시는거 같은데..','20/07/13',2,2,2);
Insert into HEALTHNER.BOARD_COMMENT (COMMENT_NO,COMMENT_WRITER,COMMENT_CONTENT,COMMENT_DATE,COMMENT_LEVEL,REF,COMMENT_REF) values (6,22,'그러게요 저도 받아봤는데 진짜 못해요','20/07/13',2,2,2);
Insert into HEALTHNER.BOARD_COMMENT (COMMENT_NO,COMMENT_WRITER,COMMENT_CONTENT,COMMENT_DATE,COMMENT_LEVEL,REF,COMMENT_REF) values (8,4,'태濾··”逃逃逃','20/07/13',2,2,2);
Insert into HEALTHNER.BOARD_COMMENT (COMMENT_NO,COMMENT_WRITER,COMMENT_CONTENT,COMMENT_DATE,COMMENT_LEVEL,REF,COMMENT_REF) values (26,62,'호뤼스터~~~~','20/07/14',1,2,null);
Insert into HEALTHNER.BOARD_COMMENT (COMMENT_NO,COMMENT_WRITER,COMMENT_CONTENT,COMMENT_DATE,COMMENT_LEVEL,REF,COMMENT_REF) values (22,42,'잘부탁해여','20/07/14',1,22,null);
Insert into HEALTHNER.BOARD_COMMENT (COMMENT_NO,COMMENT_WRITER,COMMENT_CONTENT,COMMENT_DATE,COMMENT_LEVEL,REF,COMMENT_REF) values (24,42,'넹','20/07/14',2,22,22);
Insert into HEALTHNER.BOARD_COMMENT (COMMENT_NO,COMMENT_WRITER,COMMENT_CONTENT,COMMENT_DATE,COMMENT_LEVEL,REF,COMMENT_REF) values (28,62,'넘넘아름다워^^','20/07/14',1,26,null);
Insert into HEALTHNER.BOARD_COMMENT (COMMENT_NO,COMMENT_WRITER,COMMENT_CONTENT,COMMENT_DATE,COMMENT_LEVEL,REF,COMMENT_REF) values (30,4,'그러게요 왜그렇게 했대요','20/07/14',1,28,null);
Insert into HEALTHNER.BOARD_COMMENT (COMMENT_NO,COMMENT_WRITER,COMMENT_CONTENT,COMMENT_DATE,COMMENT_LEVEL,REF,COMMENT_REF) values (32,4,'발표중??','20/07/14',1,40,null);
REM INSERTING into HEALTHNER.BUY_PRODUCT
SET DEFINE OFF;
Insert into HEALTHNER.BUY_PRODUCT (BUY_NO,PNO,STOCK) values (6,22,1);
Insert into HEALTHNER.BUY_PRODUCT (BUY_NO,PNO,STOCK) values (6,24,1);
Insert into HEALTHNER.BUY_PRODUCT (BUY_NO,PNO,STOCK) values (6,28,1);
Insert into HEALTHNER.BUY_PRODUCT (BUY_NO,PNO,STOCK) values (8,24,1);
Insert into HEALTHNER.BUY_PRODUCT (BUY_NO,PNO,STOCK) values (8,26,1);
Insert into HEALTHNER.BUY_PRODUCT (BUY_NO,PNO,STOCK) values (10,26,1);
Insert into HEALTHNER.BUY_PRODUCT (BUY_NO,PNO,STOCK) values (10,28,1);
Insert into HEALTHNER.BUY_PRODUCT (BUY_NO,PNO,STOCK) values (22,42,1);
REM INSERTING into HEALTHNER.EAT_LOG
SET DEFINE OFF;
Insert into HEALTHNER.EAT_LOG (MENU_NO,FOOD_NAME,EAT_DATE,EAT_TIME,MEMBER_NO,KCAL) values (2,'고구마','2020-07-01','아침',4,65);
Insert into HEALTHNER.EAT_LOG (MENU_NO,FOOD_NAME,EAT_DATE,EAT_TIME,MEMBER_NO,KCAL) values (4,'고구마샐러드','2020-07-01','점심',4,35);
Insert into HEALTHNER.EAT_LOG (MENU_NO,FOOD_NAME,EAT_DATE,EAT_TIME,MEMBER_NO,KCAL) values (6,'고구마','2020-06-29','아침',4,32.1);
Insert into HEALTHNER.EAT_LOG (MENU_NO,FOOD_NAME,EAT_DATE,EAT_TIME,MEMBER_NO,KCAL) values (22,'돼지갈비구이','2020-07-13','점심',4,10000);
Insert into HEALTHNER.EAT_LOG (MENU_NO,FOOD_NAME,EAT_DATE,EAT_TIME,MEMBER_NO,KCAL) values (42,'오리고기','2020-07-14','저녁',4,530.5);
REM INSERTING into HEALTHNER.LIKE_TABLE
SET DEFINE OFF;
REM INSERTING into HEALTHNER.MAIL
SET DEFINE OFF;
Insert into HEALTHNER.MAIL (MAIL_NO,SENDER,RECEIVER,MAIL_CONTENT,WRITE_DATE,READ_COUNT) values (24,4,4,'wfaf','20/07/02',1);
Insert into HEALTHNER.MAIL (MAIL_NO,SENDER,RECEIVER,MAIL_CONTENT,WRITE_DATE,READ_COUNT) values (44,4,6,'답장','20/07/03',2);
Insert into HEALTHNER.MAIL (MAIL_NO,SENDER,RECEIVER,MAIL_CONTENT,WRITE_DATE,READ_COUNT) values (46,6,4,'답장2','20/07/03',1);
Insert into HEALTHNER.MAIL (MAIL_NO,SENDER,RECEIVER,MAIL_CONTENT,WRITE_DATE,READ_COUNT) values (42,6,4,'쪽지 전송합니다','20/07/03',2);
Insert into HEALTHNER.MAIL (MAIL_NO,SENDER,RECEIVER,MAIL_CONTENT,WRITE_DATE,READ_COUNT) values (48,4,6,'답장3','20/07/03',1);
Insert into HEALTHNER.MAIL (MAIL_NO,SENDER,RECEIVER,MAIL_CONTENT,WRITE_DATE,READ_COUNT) values (50,6,4,'답장4','20/07/03',1);
Insert into HEALTHNER.MAIL (MAIL_NO,SENDER,RECEIVER,MAIL_CONTENT,WRITE_DATE,READ_COUNT) values (52,4,6,'답장답장
답장
Yes
답장!
시슴?!','20/07/03',1);
Insert into HEALTHNER.MAIL (MAIL_NO,SENDER,RECEIVER,MAIL_CONTENT,WRITE_DATE,READ_COUNT) values (54,4,46,'관리자에게
쪽지를
보내보겠습니다','20/07/03',3);
Insert into HEALTHNER.MAIL (MAIL_NO,SENDER,RECEIVER,MAIL_CONTENT,WRITE_DATE,READ_COUNT) values (56,46,4,'보내기','20/07/03',12);
Insert into HEALTHNER.MAIL (MAIL_NO,SENDER,RECEIVER,MAIL_CONTENT,WRITE_DATE,READ_COUNT) values (58,4,46,'답장 보내기','20/07/03',1);
Insert into HEALTHNER.MAIL (MAIL_NO,SENDER,RECEIVER,MAIL_CONTENT,WRITE_DATE,READ_COUNT) values (60,4,46,'ㅇㅂ','20/07/03',1);
Insert into HEALTHNER.MAIL (MAIL_NO,SENDER,RECEIVER,MAIL_CONTENT,WRITE_DATE,READ_COUNT) values (62,4,46,'ㅈㅂㄹ','20/07/03',1);
Insert into HEALTHNER.MAIL (MAIL_NO,SENDER,RECEIVER,MAIL_CONTENT,WRITE_DATE,READ_COUNT) values (102,4,46,'ㄷㅂㄷ','20/07/03',1);
Insert into HEALTHNER.MAIL (MAIL_NO,SENDER,RECEIVER,MAIL_CONTENT,WRITE_DATE,READ_COUNT) values (202,46,62,'안녕?마지막테스트야','20/07/14',0);
Insert into HEALTHNER.MAIL (MAIL_NO,SENDER,RECEIVER,MAIL_CONTENT,WRITE_DATE,READ_COUNT) values (68,4,46,'ㅁㅈㅍ유','20/07/03',1);
Insert into HEALTHNER.MAIL (MAIL_NO,SENDER,RECEIVER,MAIL_CONTENT,WRITE_DATE,READ_COUNT) values (188,46,4,'wdw','20/07/13',2);
Insert into HEALTHNER.MAIL (MAIL_NO,SENDER,RECEIVER,MAIL_CONTENT,WRITE_DATE,READ_COUNT) values (72,4,46,'ㅋㅌㅍㅁ','20/07/03',1);
Insert into HEALTHNER.MAIL (MAIL_NO,SENDER,RECEIVER,MAIL_CONTENT,WRITE_DATE,READ_COUNT) values (74,4,46,'ㅁㅎㅋㅌ','20/07/03',2);
Insert into HEALTHNER.MAIL (MAIL_NO,SENDER,RECEIVER,MAIL_CONTENT,WRITE_DATE,READ_COUNT) values (122,42,4,'하잉','20/07/07',1);
Insert into HEALTHNER.MAIL (MAIL_NO,SENDER,RECEIVER,MAIL_CONTENT,WRITE_DATE,READ_COUNT) values (124,4,42,'awfwa','20/07/07',1);
Insert into HEALTHNER.MAIL (MAIL_NO,SENDER,RECEIVER,MAIL_CONTENT,WRITE_DATE,READ_COUNT) values (126,4,46,'awfawf','20/07/07',0);
Insert into HEALTHNER.MAIL (MAIL_NO,SENDER,RECEIVER,MAIL_CONTENT,WRITE_DATE,READ_COUNT) values (128,4,46,'zfazf','20/07/07',0);
Insert into HEALTHNER.MAIL (MAIL_NO,SENDER,RECEIVER,MAIL_CONTENT,WRITE_DATE,READ_COUNT) values (84,46,4,'답장','20/07/03',1);
Insert into HEALTHNER.MAIL (MAIL_NO,SENDER,RECEIVER,MAIL_CONTENT,WRITE_DATE,READ_COUNT) values (130,4,46,'afwaw','20/07/07',0);
Insert into HEALTHNER.MAIL (MAIL_NO,SENDER,RECEIVER,MAIL_CONTENT,WRITE_DATE,READ_COUNT) values (132,4,46,'af','20/07/07',0);
Insert into HEALTHNER.MAIL (MAIL_NO,SENDER,RECEIVER,MAIL_CONTENT,WRITE_DATE,READ_COUNT) values (90,46,4,'답장','20/07/03',1);
Insert into HEALTHNER.MAIL (MAIL_NO,SENDER,RECEIVER,MAIL_CONTENT,WRITE_DATE,READ_COUNT) values (134,4,46,'awfawf','20/07/07',2);
Insert into HEALTHNER.MAIL (MAIL_NO,SENDER,RECEIVER,MAIL_CONTENT,WRITE_DATE,READ_COUNT) values (94,46,4,'답장','20/07/03',1);
Insert into HEALTHNER.MAIL (MAIL_NO,SENDER,RECEIVER,MAIL_CONTENT,WRITE_DATE,READ_COUNT) values (186,46,4,'쪽지 전송','20/07/13',1);
Insert into HEALTHNER.MAIL (MAIL_NO,SENDER,RECEIVER,MAIL_CONTENT,WRITE_DATE,READ_COUNT) values (204,46,4,'하이','20/07/14',2);
Insert into HEALTHNER.MAIL (MAIL_NO,SENDER,RECEIVER,MAIL_CONTENT,WRITE_DATE,READ_COUNT) values (206,4,46,'안녕하세요','20/07/14',0);
Insert into HEALTHNER.MAIL (MAIL_NO,SENDER,RECEIVER,MAIL_CONTENT,WRITE_DATE,READ_COUNT) values (208,141,46,'하이루','20/07/14',0);
Insert into HEALTHNER.MAIL (MAIL_NO,SENDER,RECEIVER,MAIL_CONTENT,WRITE_DATE,READ_COUNT) values (144,4,46,'wtrqt2','20/07/07',2);
Insert into HEALTHNER.MAIL (MAIL_NO,SENDER,RECEIVER,MAIL_CONTENT,WRITE_DATE,READ_COUNT) values (146,4,4,'qwr','20/07/07',1);
Insert into HEALTHNER.MAIL (MAIL_NO,SENDER,RECEIVER,MAIL_CONTENT,WRITE_DATE,READ_COUNT) values (162,4,4,'wqfaw','20/07/09',2);
Insert into HEALTHNER.MAIL (MAIL_NO,SENDER,RECEIVER,MAIL_CONTENT,WRITE_DATE,READ_COUNT) values (210,141,46,'3대 몇침 ?','20/07/14',1);
Insert into HEALTHNER.MAIL (MAIL_NO,SENDER,RECEIVER,MAIL_CONTENT,WRITE_DATE,READ_COUNT) values (184,42,4,'ㅅㄹ','20/07/13',1);
Insert into HEALTHNER.MAIL (MAIL_NO,SENDER,RECEIVER,MAIL_CONTENT,WRITE_DATE,READ_COUNT) values (212,46,141,'몰라','20/07/14',1);
REM INSERTING into HEALTHNER.MEETING_SCHEDULE
SET DEFINE OFF;
Insert into HEALTHNER.MEETING_SCHEDULE (MEETING_SEQ,NAME,PHONE,EMAIL,RESPONSE_FIN,BMI) values (2,'박태준','01052645822',null,1,27.68);
REM INSERTING into HEALTHNER.MEMBER
SET DEFINE OFF;
Insert into HEALTHNER.MEMBER (MEMBER_NO,MEMBER_ID,MEMBER_PW,MEMBER_NAME,MEMBER_NICK,ZIP,ROAD_ADDR,DET_ADDR,CARD,ENROLL_DATE,MEMBER_LEVEL,GENDER,AGE,MEMBER_PROFILE,EMAIL,EXPIRE_DATE,PHONE,EMAIL_VERIFICATION) values (4,'user01','03ac674216f3e15c761ee1a5e255f067953623c8b388b4459e13f978d7c846f4','유저1','user시바견','06372','서울 강남구 밤고개로 206','수정주소2','87.245.185.17','20/06/22',1,'m',21,'member01.jpg','user01@gmail.com',to_date('20/07/22','RR/MM/DD'),'010-1111-1111',1);
Insert into HEALTHNER.MEMBER (MEMBER_NO,MEMBER_ID,MEMBER_PW,MEMBER_NAME,MEMBER_NICK,ZIP,ROAD_ADDR,DET_ADDR,CARD,ENROLL_DATE,MEMBER_LEVEL,GENDER,AGE,MEMBER_PROFILE,EMAIL,EXPIRE_DATE,PHONE,EMAIL_VERIFICATION) values (6,'user02','03ac674216f3e15c761ee1a5e255f067953623c8b388b4459e13f978d7c846f4','유저2','users2','06372','서울 강남구 밤고개로 206','주소2','123.227.42.27','20/06/22',1,'m',21,'member02.png','user02@gmail.com',to_date('20/07/22','RR/MM/DD'),'010-2222-2222',1);
Insert into HEALTHNER.MEMBER (MEMBER_NO,MEMBER_ID,MEMBER_PW,MEMBER_NAME,MEMBER_NICK,ZIP,ROAD_ADDR,DET_ADDR,CARD,ENROLL_DATE,MEMBER_LEVEL,GENDER,AGE,MEMBER_PROFILE,EMAIL,EXPIRE_DATE,PHONE,EMAIL_VERIFICATION) values (22,'user03','03ac674216f3e15c761ee1a5e255f067953623c8b388b4459e13f978d7c846f4','유저3','users3','06372','서울 강남구 밤고개로 206','주소3','139.73.231.26','20/06/23',1,'m',21,'회원등록','user03@gmail.com',null,'010-3333-3333',1);
Insert into HEALTHNER.MEMBER (MEMBER_NO,MEMBER_ID,MEMBER_PW,MEMBER_NAME,MEMBER_NICK,ZIP,ROAD_ADDR,DET_ADDR,CARD,ENROLL_DATE,MEMBER_LEVEL,GENDER,AGE,MEMBER_PROFILE,EMAIL,EXPIRE_DATE,PHONE,EMAIL_VERIFICATION) values (42,'trainer01','03ac674216f3e15c761ee1a5e255f067953623c8b388b4459e13f978d7c846f4','진승현','trainer1','07229','서울 영등포구 국회대로53길 24-3','트레이너 주소1',null,'20/07/01',3,'m',29,'trainer-1.jpg','trainer1@gmail.com',null,'010-1111-2222',1);
Insert into HEALTHNER.MEMBER (MEMBER_NO,MEMBER_ID,MEMBER_PW,MEMBER_NAME,MEMBER_NICK,ZIP,ROAD_ADDR,DET_ADDR,CARD,ENROLL_DATE,MEMBER_LEVEL,GENDER,AGE,MEMBER_PROFILE,EMAIL,EXPIRE_DATE,PHONE,EMAIL_VERIFICATION) values (44,'trainer02','03ac674216f3e15c761ee1a5e255f067953623c8b388b4459e13f978d7c846f4','김시현','trainer2','07229','서울 영등포구 국회대로53길 24-3','트레이너 주소2',null,'20/07/01',3,'f',26,'trainer-2.jpg','trainer2@gmail.com',null,'010-2222-3333',1);
Insert into HEALTHNER.MEMBER (MEMBER_NO,MEMBER_ID,MEMBER_PW,MEMBER_NAME,MEMBER_NICK,ZIP,ROAD_ADDR,DET_ADDR,CARD,ENROLL_DATE,MEMBER_LEVEL,GENDER,AGE,MEMBER_PROFILE,EMAIL,EXPIRE_DATE,PHONE,EMAIL_VERIFICATION) values (46,'admin','03ac674216f3e15c761ee1a5e255f067953623c8b388b4459e13f978d7c846f4','관리자','관리자','관리자','관리자','관리자',null,'20/07/01',4,'m',99,null,'healthnership@gmail.com',null,'010-9999-9999',1);
Insert into HEALTHNER.MEMBER (MEMBER_NO,MEMBER_ID,MEMBER_PW,MEMBER_NAME,MEMBER_NICK,ZIP,ROAD_ADDR,DET_ADDR,CARD,ENROLL_DATE,MEMBER_LEVEL,GENDER,AGE,MEMBER_PROFILE,EMAIL,EXPIRE_DATE,PHONE,EMAIL_VERIFICATION) values (62,'user04','03ac674216f3e15c761ee1a5e255f067953623c8b388b4459e13f978d7c846f4','유저4','users4','06372','서울 영등포구 국회대로53길 24-3','주소4','6.54.143.247','20/07/02',1,'m',21,'회원등록','user04@gmail.com',null,'010-4444-4444',1);
Insert into HEALTHNER.MEMBER (MEMBER_NO,MEMBER_ID,MEMBER_PW,MEMBER_NAME,MEMBER_NICK,ZIP,ROAD_ADDR,DET_ADDR,CARD,ENROLL_DATE,MEMBER_LEVEL,GENDER,AGE,MEMBER_PROFILE,EMAIL,EXPIRE_DATE,PHONE,EMAIL_VERIFICATION) values (82,'trainer03','03ac674216f3e15c761ee1a5e255f067953623c8b388b4459e13f978d7c846f4','곽수혁','trainer3','07229','서울 영등포구 국회대로53길 24-3','트레이너 주소3',null,'20/07/07',3,'m',29,'trainer-3.jpg','trainer3@gmail.com',null,'010-1111-2222',1);
Insert into HEALTHNER.MEMBER (MEMBER_NO,MEMBER_ID,MEMBER_PW,MEMBER_NAME,MEMBER_NICK,ZIP,ROAD_ADDR,DET_ADDR,CARD,ENROLL_DATE,MEMBER_LEVEL,GENDER,AGE,MEMBER_PROFILE,EMAIL,EXPIRE_DATE,PHONE,EMAIL_VERIFICATION) values (84,'trainer04','03ac674216f3e15c761ee1a5e255f067953623c8b388b4459e13f978d7c846f4','박희연','trainer4','07229','서울 영등포구 국회대로53길 24-3','트레이너 주소4',null,'20/07/07',3,'f',26,'trainer-4.jpg','trainer4@gmail.com',null,'010-2222-3333',1);
Insert into HEALTHNER.MEMBER (MEMBER_NO,MEMBER_ID,MEMBER_PW,MEMBER_NAME,MEMBER_NICK,ZIP,ROAD_ADDR,DET_ADDR,CARD,ENROLL_DATE,MEMBER_LEVEL,GENDER,AGE,MEMBER_PROFILE,EMAIL,EXPIRE_DATE,PHONE,EMAIL_VERIFICATION) values (86,'trainer05','03ac674216f3e15c761ee1a5e255f067953623c8b388b4459e13f978d7c846f4','이희진','trainer5','07229','서울 영등포구 국회대로53길 24-3','트레이너 주소5',null,'20/07/07',3,'m',29,'trainer-5.jpg','trainer5@gmail.com',null,'010-1111-2222',1);
Insert into HEALTHNER.MEMBER (MEMBER_NO,MEMBER_ID,MEMBER_PW,MEMBER_NAME,MEMBER_NICK,ZIP,ROAD_ADDR,DET_ADDR,CARD,ENROLL_DATE,MEMBER_LEVEL,GENDER,AGE,MEMBER_PROFILE,EMAIL,EXPIRE_DATE,PHONE,EMAIL_VERIFICATION) values (88,'trainer06','03ac674216f3e15c761ee1a5e255f067953623c8b388b4459e13f978d7c846f4','이수길','trainer6','07229','서울 영등포구 국회대로53길 24-3','트레이너 주소6',null,'20/07/07',3,'f',26,'trainer-6.jpg','trainer6@gmail.com',null,'010-2222-3333',1);
Insert into HEALTHNER.MEMBER (MEMBER_NO,MEMBER_ID,MEMBER_PW,MEMBER_NAME,MEMBER_NICK,ZIP,ROAD_ADDR,DET_ADDR,CARD,ENROLL_DATE,MEMBER_LEVEL,GENDER,AGE,MEMBER_PROFILE,EMAIL,EXPIRE_DATE,PHONE,EMAIL_VERIFICATION) values (90,'trainer07','03ac674216f3e15c761ee1a5e255f067953623c8b388b4459e13f978d7c846f4','김병석','trainer7','07229','서울 영등포구 국회대로53길 24-3','트레이너 주소7',null,'20/07/07',3,'m',29,'trainer-1.jpg','trainer7@gmail.com',null,'010-1111-2222',1);
Insert into HEALTHNER.MEMBER (MEMBER_NO,MEMBER_ID,MEMBER_PW,MEMBER_NAME,MEMBER_NICK,ZIP,ROAD_ADDR,DET_ADDR,CARD,ENROLL_DATE,MEMBER_LEVEL,GENDER,AGE,MEMBER_PROFILE,EMAIL,EXPIRE_DATE,PHONE,EMAIL_VERIFICATION) values (92,'trainer08','03ac674216f3e15c761ee1a5e255f067953623c8b388b4459e13f978d7c846f4','신유나','trainer8','07229','서울 영등포구 국회대로53길 24-3','트레이너 주소8',null,'20/07/07',3,'f',26,'trainer-2.jpg','trainer8@gmail.com',null,'010-2222-3333',1);
Insert into HEALTHNER.MEMBER (MEMBER_NO,MEMBER_ID,MEMBER_PW,MEMBER_NAME,MEMBER_NICK,ZIP,ROAD_ADDR,DET_ADDR,CARD,ENROLL_DATE,MEMBER_LEVEL,GENDER,AGE,MEMBER_PROFILE,EMAIL,EXPIRE_DATE,PHONE,EMAIL_VERIFICATION) values (94,'trainer09','03ac674216f3e15c761ee1a5e255f067953623c8b388b4459e13f978d7c846f4','선지혁','trainer9','07229','서울 영등포구 국회대로53길 24-3','트레이너 주소9',null,'20/07/07',3,'m',29,'trainer-3.jpg','trainer9@gmail.com',null,'010-1111-2222',1);
Insert into HEALTHNER.MEMBER (MEMBER_NO,MEMBER_ID,MEMBER_PW,MEMBER_NAME,MEMBER_NICK,ZIP,ROAD_ADDR,DET_ADDR,CARD,ENROLL_DATE,MEMBER_LEVEL,GENDER,AGE,MEMBER_PROFILE,EMAIL,EXPIRE_DATE,PHONE,EMAIL_VERIFICATION) values (96,'trainer10','03ac674216f3e15c761ee1a5e255f067953623c8b388b4459e13f978d7c846f4','이세희','trainer10','07229','서울 영등포구 국회대로53길 24-3','트레이너 주소10',null,'20/07/07',3,'f',26,'trainer-4.jpg','trainer10@gmail.com',null,'010-2222-3333',1);
Insert into HEALTHNER.MEMBER (MEMBER_NO,MEMBER_ID,MEMBER_PW,MEMBER_NAME,MEMBER_NICK,ZIP,ROAD_ADDR,DET_ADDR,CARD,ENROLL_DATE,MEMBER_LEVEL,GENDER,AGE,MEMBER_PROFILE,EMAIL,EXPIRE_DATE,PHONE,EMAIL_VERIFICATION) values (98,'trainer11','03ac674216f3e15c761ee1a5e255f067953623c8b388b4459e13f978d7c846f4','김선희','trainer11','07229','서울 영등포구 국회대로53길 24-3','트레이너 주소11',null,'20/07/07',3,'m',29,'trainer-5.jpg','trainer11@gmail.com',null,'010-1111-2222',1);
Insert into HEALTHNER.MEMBER (MEMBER_NO,MEMBER_ID,MEMBER_PW,MEMBER_NAME,MEMBER_NICK,ZIP,ROAD_ADDR,DET_ADDR,CARD,ENROLL_DATE,MEMBER_LEVEL,GENDER,AGE,MEMBER_PROFILE,EMAIL,EXPIRE_DATE,PHONE,EMAIL_VERIFICATION) values (100,'trainer12','03ac674216f3e15c761ee1a5e255f067953623c8b388b4459e13f978d7c846f4','김동현','trainer12','07229','서울 영등포구 국회대로53길 24-3','트레이너 주소12',null,'20/07/07',3,'f',26,'trainer-6.jpg','trainer12@gmail.com',null,'010-2222-3333',1);
Insert into HEALTHNER.MEMBER (MEMBER_NO,MEMBER_ID,MEMBER_PW,MEMBER_NAME,MEMBER_NICK,ZIP,ROAD_ADDR,DET_ADDR,CARD,ENROLL_DATE,MEMBER_LEVEL,GENDER,AGE,MEMBER_PROFILE,EMAIL,EXPIRE_DATE,PHONE,EMAIL_VERIFICATION) values (102,'trainer13','03ac674216f3e15c761ee1a5e255f067953623c8b388b4459e13f978d7c846f4','김계란','trainer13','07229','서울 영등포구 국회대로53길 24-3','트레이너 주소13',null,'20/07/07',3,'m',29,'trainer-7.jpg','trainer13@gmail.com',null,'010-1111-2222',1);
Insert into HEALTHNER.MEMBER (MEMBER_NO,MEMBER_ID,MEMBER_PW,MEMBER_NAME,MEMBER_NICK,ZIP,ROAD_ADDR,DET_ADDR,CARD,ENROLL_DATE,MEMBER_LEVEL,GENDER,AGE,MEMBER_PROFILE,EMAIL,EXPIRE_DATE,PHONE,EMAIL_VERIFICATION) values (104,'trainer14','03ac674216f3e15c761ee1a5e255f067953623c8b388b4459e13f978d7c846f4','양치승','trainer14','07229','서울 영등포구 국회대로53길 24-3','트레이너 주소14',null,'20/07/07',3,'f',26,'trainer-8.jpg','trainer14@gmail.com',null,'010-2222-3333',1);
Insert into HEALTHNER.MEMBER (MEMBER_NO,MEMBER_ID,MEMBER_PW,MEMBER_NAME,MEMBER_NICK,ZIP,ROAD_ADDR,DET_ADDR,CARD,ENROLL_DATE,MEMBER_LEVEL,GENDER,AGE,MEMBER_PROFILE,EMAIL,EXPIRE_DATE,PHONE,EMAIL_VERIFICATION) values (122,'tjehdrjs1230','2b45640b3cbe90872a89195c1d62e82d84947cfd4985d61b5a70710d5abe16bd','동거이','동거동거이','14673','경기 부천시 역곡동 49-13','302호',null,'20/07/14',3,'M',28,'chatH_1594703054071.jpg','tjehdrjs1233@naver.com',null,'01000000000',0);
Insert into HEALTHNER.MEMBER (MEMBER_NO,MEMBER_ID,MEMBER_PW,MEMBER_NAME,MEMBER_NICK,ZIP,ROAD_ADDR,DET_ADDR,CARD,ENROLL_DATE,MEMBER_LEVEL,GENDER,AGE,MEMBER_PROFILE,EMAIL,EXPIRE_DATE,PHONE,EMAIL_VERIFICATION) values (143,'11111','bd1b6f8b3e1b54dcab7ba25ed85dcae86ae6683e450058cb6e58f6b59596d61c','담당자','담당자','28562','충북 청주시 서원구 1순환로 627','1',null,'20/07/14',1,'F',21,'ad1_1594704124981.jpg','user11@kh.or.kr',null,'01000000000',0);
Insert into HEALTHNER.MEMBER (MEMBER_NO,MEMBER_ID,MEMBER_PW,MEMBER_NAME,MEMBER_NICK,ZIP,ROAD_ADDR,DET_ADDR,CARD,ENROLL_DATE,MEMBER_LEVEL,GENDER,AGE,MEMBER_PROFILE,EMAIL,EXPIRE_DATE,PHONE,EMAIL_VERIFICATION) values (126,'wjdwuq1','54ef53963611ff4977508e167fc1d131f379dff3aac53fdc3510f0e64adce61d','정지엽','정지엽','25171','강원 홍천군 내면 대한동길 10-7','111호',null,'20/07/14',1,'M',29,'다운로드_1594703067002.png','wjdwnsduq12@naver.com',null,'01057952653',0);
Insert into HEALTHNER.MEMBER (MEMBER_NO,MEMBER_ID,MEMBER_PW,MEMBER_NAME,MEMBER_NICK,ZIP,ROAD_ADDR,DET_ADDR,CARD,ENROLL_DATE,MEMBER_LEVEL,GENDER,AGE,MEMBER_PROFILE,EMAIL,EXPIRE_DATE,PHONE,EMAIL_VERIFICATION) values (128,'dldbstn','fbe4565f5a567aca0e859458d63cdf8f5b7a300a058f057a10bbc70f9438de02','최종은','고도리','14340','경기 광명시 박달로 191','굴다리',null,'20/07/14',1,'M',20,'베이지색 코트_1594703079780.jpg','whddms4321@naver.com',null,'01020220946',0);
Insert into HEALTHNER.MEMBER (MEMBER_NO,MEMBER_ID,MEMBER_PW,MEMBER_NAME,MEMBER_NICK,ZIP,ROAD_ADDR,DET_ADDR,CARD,ENROLL_DATE,MEMBER_LEVEL,GENDER,AGE,MEMBER_PROFILE,EMAIL,EXPIRE_DATE,PHONE,EMAIL_VERIFICATION) values (130,'user99','7f259b5f1dec70890634368c3c835c4c77efed883b22aef1a87b4930da369718','바이','tyuu','34672','대전 동구 판교1길 3','ㅂㅂ',null,'20/07/14',1,'F',21,'20180422_174652399_241_1594703143639.jpg','danji0123456@naver.com',null,'01077777777',0);
Insert into HEALTHNER.MEMBER (MEMBER_NO,MEMBER_ID,MEMBER_PW,MEMBER_NAME,MEMBER_NICK,ZIP,ROAD_ADDR,DET_ADDR,CARD,ENROLL_DATE,MEMBER_LEVEL,GENDER,AGE,MEMBER_PROFILE,EMAIL,EXPIRE_DATE,PHONE,EMAIL_VERIFICATION) values (132,'ldh5271','bb0621ec92a1d3b2f12fdd10279208ca2c3d71de80bf2581ff246e881600025b','이도형','형도형','14581','경기 부천시 부흥로 237','1319동 1001호',null,'20/07/14',1,'M',20,'20180422_174743637_226_1594703159011.jpg','ldh5271@naver.com',null,'01012345678',0);
Insert into HEALTHNER.MEMBER (MEMBER_NO,MEMBER_ID,MEMBER_PW,MEMBER_NAME,MEMBER_NICK,ZIP,ROAD_ADDR,DET_ADDR,CARD,ENROLL_DATE,MEMBER_LEVEL,GENDER,AGE,MEMBER_PROFILE,EMAIL,EXPIRE_DATE,PHONE,EMAIL_VERIFICATION) values (134,'yejing','cf404ffdd6b56fba63d58a7d46c6ce523b3822b84c5794f4d6ef12a737d72580','사용자','사용자임','13524','경기 성남시 분당구 대왕판교로606번길 45','12',null,'20/07/14',1,'F',40,'books_1594703173903.png','yeounshi@gmail.com',null,'01000000000',0);
Insert into HEALTHNER.MEMBER (MEMBER_NO,MEMBER_ID,MEMBER_PW,MEMBER_NAME,MEMBER_NICK,ZIP,ROAD_ADDR,DET_ADDR,CARD,ENROLL_DATE,MEMBER_LEVEL,GENDER,AGE,MEMBER_PROFILE,EMAIL,EXPIRE_DATE,PHONE,EMAIL_VERIFICATION) values (136,'whdduq','5db878db18af7423b9aa2a0303629299157b7a90b0af9b8f6c85cbf8b9f98395','박종엽','종엽박','02447','서울 동대문구 경희대로 26','오하요~',null,'20/07/14',1,'M',29,'1_1594703186078.jpg','pjyub1297@gmail.com',null,'01011111111',0);
Insert into HEALTHNER.MEMBER (MEMBER_NO,MEMBER_ID,MEMBER_PW,MEMBER_NAME,MEMBER_NICK,ZIP,ROAD_ADDR,DET_ADDR,CARD,ENROLL_DATE,MEMBER_LEVEL,GENDER,AGE,MEMBER_PROFILE,EMAIL,EXPIRE_DATE,PHONE,EMAIL_VERIFICATION) values (139,'ravly','18006e2ca1c2129392c66d87334bd2452c572058d406b4e85f43c1f72def10f5','율아','라블리','07212','서울 영등포구 선유동2로 57','학원',null,'20/07/14',1,'F',28,'22_1594703242746.png','ravly.b.4702@gmail.com',null,'01012341234',0);
Insert into HEALTHNER.MEMBER (MEMBER_NO,MEMBER_ID,MEMBER_PW,MEMBER_NAME,MEMBER_NICK,ZIP,ROAD_ADDR,DET_ADDR,CARD,ENROLL_DATE,MEMBER_LEVEL,GENDER,AGE,MEMBER_PROFILE,EMAIL,EXPIRE_DATE,PHONE,EMAIL_VERIFICATION) values (141,'bang8255','b9370d3776af676d8648579d23571260c916d8ee9bddb55527dc67dc0fb297dd','차노링','몸짱차노링','13473','경기 성남시 분당구 경부고속도로 409','5ㅅ565',null,'20/07/14',2,'M',27,'헬스_1594703989894.jpg','bang8255@naver.com',null,'01025228575',1);
REM INSERTING into HEALTHNER.MEMBER_MAPPING
SET DEFINE OFF;
Insert into HEALTHNER.MEMBER_MAPPING (MAPPING_SEQ,MEMBER_NO,TRAINER_NO,TRAINING_CNT,TRAINING_MAXCNT,TRAINING_POSTSCRIPT) values (2,4,42,7,10,'이 트레이너분 정말 최고입니다');
Insert into HEALTHNER.MEMBER_MAPPING (MAPPING_SEQ,MEMBER_NO,TRAINER_NO,TRAINING_CNT,TRAINING_MAXCNT,TRAINING_POSTSCRIPT) values (4,4,44,5,10,'다이어트 원하시는 분은 이 트레이너 추천합니다!!!
');
Insert into HEALTHNER.MEMBER_MAPPING (MAPPING_SEQ,MEMBER_NO,TRAINER_NO,TRAINING_CNT,TRAINING_MAXCNT,TRAINING_POSTSCRIPT) values (22,4,104,0,15,'힘들지만 최고의 트레이너입니다');
Insert into HEALTHNER.MEMBER_MAPPING (MAPPING_SEQ,MEMBER_NO,TRAINER_NO,TRAINING_CNT,TRAINING_MAXCNT,TRAINING_POSTSCRIPT) values (24,4,102,2,8,'와우! 빡빡이 아저씨!!');
Insert into HEALTHNER.MEMBER_MAPPING (MAPPING_SEQ,MEMBER_NO,TRAINER_NO,TRAINING_CNT,TRAINING_MAXCNT,TRAINING_POSTSCRIPT) values (42,4,84,0,10,'wwww');
Insert into HEALTHNER.MEMBER_MAPPING (MAPPING_SEQ,MEMBER_NO,TRAINER_NO,TRAINING_CNT,TRAINING_MAXCNT,TRAINING_POSTSCRIPT) values (28,6,82,22,111,null);
REM INSERTING into HEALTHNER.MENU_COMMENT
SET DEFINE OFF;
Insert into HEALTHNER.MENU_COMMENT (CMT_NO,MENU_NO,CMT_DATE,CMT_CONTENT,WRITER_NO) values (62,4,to_date('20/07/13','RR/MM/DD'),'gkdldddd
',4);
Insert into HEALTHNER.MENU_COMMENT (CMT_NO,MENU_NO,CMT_DATE,CMT_CONTENT,WRITER_NO) values (4,2,to_date('20/07/01','RR/MM/DD'),'댓글 수정',4);
Insert into HEALTHNER.MENU_COMMENT (CMT_NO,MENU_NO,CMT_DATE,CMT_CONTENT,WRITER_NO) values (24,4,to_date('20/07/06','RR/MM/DD'),'댓글 2ㄱ2',42);
Insert into HEALTHNER.MENU_COMMENT (CMT_NO,MENU_NO,CMT_DATE,CMT_CONTENT,WRITER_NO) values (26,4,to_date('20/07/06','RR/MM/DD'),'댓글?2',4);
Insert into HEALTHNER.MENU_COMMENT (CMT_NO,MENU_NO,CMT_DATE,CMT_CONTENT,WRITER_NO) values (64,22,to_date('20/07/13','RR/MM/DD'),'돼지갈비구이 맛있어요',4);
Insert into HEALTHNER.MENU_COMMENT (CMT_NO,MENU_NO,CMT_DATE,CMT_CONTENT,WRITER_NO) values (84,42,to_date('20/07/14','RR/MM/DD'),'오리고기먹지마세요요',42);
REM INSERTING into HEALTHNER.NOTICE
SET DEFINE OFF;
Insert into HEALTHNER.NOTICE (NOTICE_NO,NOTICE_TITLE,NOTICE_CONTENT,NOTICE_DATE,NOTICE_FILENAME) values (2,'코로나19 정부 행정명령 지침 준수사항','<p>&nbsp;</p>

<h1><strong>2020년 대한민국 파이팅!</strong></h1>

<h1><strong>코로나19 예방을 위해&nbsp;</strong><strong>레몬짐도&nbsp;</strong></h1>

<h1><strong>정부 행정명령 지침에 따라 동참합니다.</strong></h1>

<p>&nbsp;</p>

<p><img alt="" src="/resources/upload/502dce58-6634-4bc1-a6ff-db5996a1509c_b5e1a7fb7a265.png" style="height:1080px; width:1080px" /></p>
','20/07/13','/resources/upload/502dce58-6634-4bc1-a6ff-db5996a1509c_b5e1a7fb7a265.png');
Insert into HEALTHNER.NOTICE (NOTICE_NO,NOTICE_TITLE,NOTICE_CONTENT,NOTICE_DATE,NOTICE_FILENAME) values (4,'너는 내가 책임 GYM 운영 시간','<p><img alt="" src="/resources/upload/bace9db4-0288-4f9f-bb68-a2e356a388a9_image_readtop_2019_55938_15486156623617566.jpg" style="height:328px; width:600px" /></p>

<p>&nbsp;</p>

<h1>평일 07시~24시 / 주말 7시~11시</h1>
','20/07/13','/resources/upload/bace9db4-0288-4f9f-bb68-a2e356a388a9_image_readtop_2019_55938_15486156623617566.jpg');
REM INSERTING into HEALTHNER.NUTRITION_TABLE
SET DEFINE OFF;
Insert into HEALTHNER.NUTRITION_TABLE (FOOD_NAME,KCAL) values ('고추튀김',42);
Insert into HEALTHNER.NUTRITION_TABLE (FOOD_NAME,KCAL) values ('고춧가루',5);
Insert into HEALTHNER.NUTRITION_TABLE (FOOD_NAME,KCAL) values ('고춧잎',2);
Insert into HEALTHNER.NUTRITION_TABLE (FOOD_NAME,KCAL) values ('골뱅이(통조림)',34);
Insert into HEALTHNER.NUTRITION_TABLE (FOOD_NAME,KCAL) values ('골뱅이무침',82);
Insert into HEALTHNER.NUTRITION_TABLE (FOOD_NAME,KCAL) values ('곰보빵(소보로빵)',263);
Insert into HEALTHNER.NUTRITION_TABLE (FOOD_NAME,KCAL) values ('곰탕(가정식)',119);
Insert into HEALTHNER.NUTRITION_TABLE (FOOD_NAME,KCAL) values ('곰탕(외식)',198);
Insert into HEALTHNER.NUTRITION_TABLE (FOOD_NAME,KCAL) values ('곱창전골',127.5);
Insert into HEALTHNER.NUTRITION_TABLE (FOOD_NAME,KCAL) values ('과일탄산음료',123);
Insert into HEALTHNER.NUTRITION_TABLE (FOOD_NAME,KCAL) values ('광어매운탕',115);
Insert into HEALTHNER.NUTRITION_TABLE (FOOD_NAME,KCAL) values ('국밥',343.9);
Insert into HEALTHNER.NUTRITION_TABLE (FOOD_NAME,KCAL) values ('군만두',429);
Insert into HEALTHNER.NUTRITION_TABLE (FOOD_NAME,KCAL) values ('굴',13);
Insert into HEALTHNER.NUTRITION_TABLE (FOOD_NAME,KCAL) values ('굴무침',23.3);
Insert into HEALTHNER.NUTRITION_TABLE (FOOD_NAME,KCAL) values ('굴비',266);
Insert into HEALTHNER.NUTRITION_TABLE (FOOD_NAME,KCAL) values ('귤',38);
Insert into HEALTHNER.NUTRITION_TABLE (FOOD_NAME,KCAL) values ('귤쥬스',78);
Insert into HEALTHNER.NUTRITION_TABLE (FOOD_NAME,KCAL) values ('근대',7);
Insert into HEALTHNER.NUTRITION_TABLE (FOOD_NAME,KCAL) values ('근대된장국',36.1);
Insert into HEALTHNER.NUTRITION_TABLE (FOOD_NAME,KCAL) values ('금귤',66);
Insert into HEALTHNER.NUTRITION_TABLE (FOOD_NAME,KCAL) values ('기장',22);
Insert into HEALTHNER.NUTRITION_TABLE (FOOD_NAME,KCAL) values ('김',2);
Insert into HEALTHNER.NUTRITION_TABLE (FOOD_NAME,KCAL) values ('김구이',3);
Insert into HEALTHNER.NUTRITION_TABLE (FOOD_NAME,KCAL) values ('김무침',74);
Insert into HEALTHNER.NUTRITION_TABLE (FOOD_NAME,KCAL) values ('김밥',306);
Insert into HEALTHNER.NUTRITION_TABLE (FOOD_NAME,KCAL) values ('김치(갓김치)',14);
Insert into HEALTHNER.NUTRITION_TABLE (FOOD_NAME,KCAL) values ('김치(고들빼기김치)',26);
Insert into HEALTHNER.NUTRITION_TABLE (FOOD_NAME,KCAL) values ('김치(깍두기)',12);
Insert into HEALTHNER.NUTRITION_TABLE (FOOD_NAME,KCAL) values ('김치(깻잎김치)',19);
Insert into HEALTHNER.NUTRITION_TABLE (FOOD_NAME,KCAL) values ('김치(나박김치)',9);
Insert into HEALTHNER.NUTRITION_TABLE (FOOD_NAME,KCAL) values ('김치(동치미)',11);
Insert into HEALTHNER.NUTRITION_TABLE (FOOD_NAME,KCAL) values ('김치(무청김치)',8);
Insert into HEALTHNER.NUTRITION_TABLE (FOOD_NAME,KCAL) values ('김치(배추김치)',7);
Insert into HEALTHNER.NUTRITION_TABLE (FOOD_NAME,KCAL) values ('김치(백김치)',7);
Insert into HEALTHNER.NUTRITION_TABLE (FOOD_NAME,KCAL) values ('김치(부추김치)',21);
Insert into HEALTHNER.NUTRITION_TABLE (FOOD_NAME,KCAL) values ('김치(열무김치)',13);
Insert into HEALTHNER.NUTRITION_TABLE (FOOD_NAME,KCAL) values ('김치(오이김치)',16);
Insert into HEALTHNER.NUTRITION_TABLE (FOOD_NAME,KCAL) values ('김치(오이소박이)',6);
Insert into HEALTHNER.NUTRITION_TABLE (FOOD_NAME,KCAL) values ('김치(총각김치)',15);
Insert into HEALTHNER.NUTRITION_TABLE (FOOD_NAME,KCAL) values ('김치(파김치)',16);
Insert into HEALTHNER.NUTRITION_TABLE (FOOD_NAME,KCAL) values ('김치국',21.3);
Insert into HEALTHNER.NUTRITION_TABLE (FOOD_NAME,KCAL) values ('김치볶음',19.1);
Insert into HEALTHNER.NUTRITION_TABLE (FOOD_NAME,KCAL) values ('김치볶음밥',480.8);
Insert into HEALTHNER.NUTRITION_TABLE (FOOD_NAME,KCAL) values ('김치전',133.3);
Insert into HEALTHNER.NUTRITION_TABLE (FOOD_NAME,KCAL) values ('김치찌개',88.1);
Insert into HEALTHNER.NUTRITION_TABLE (FOOD_NAME,KCAL) values ('김튀김',208.2);
Insert into HEALTHNER.NUTRITION_TABLE (FOOD_NAME,KCAL) values ('깨(검정깨)',11);
Insert into HEALTHNER.NUTRITION_TABLE (FOOD_NAME,KCAL) values ('깨(흰깨)',12);
Insert into HEALTHNER.NUTRITION_TABLE (FOOD_NAME,KCAL) values ('깨소금',12);
Insert into HEALTHNER.NUTRITION_TABLE (FOOD_NAME,KCAL) values ('깻잎',5);
Insert into HEALTHNER.NUTRITION_TABLE (FOOD_NAME,KCAL) values ('깻잎장아찌',6);
Insert into HEALTHNER.NUTRITION_TABLE (FOOD_NAME,KCAL) values ('꼬막',20);
Insert into HEALTHNER.NUTRITION_TABLE (FOOD_NAME,KCAL) values ('꼬막찜',34);
Insert into HEALTHNER.NUTRITION_TABLE (FOOD_NAME,KCAL) values ('꽁치',74);
Insert into HEALTHNER.NUTRITION_TABLE (FOOD_NAME,KCAL) values ('꽁치구이',98);
Insert into HEALTHNER.NUTRITION_TABLE (FOOD_NAME,KCAL) values ('꽁치조림',60);
Insert into HEALTHNER.NUTRITION_TABLE (FOOD_NAME,KCAL) values ('꽃게',33);
Insert into HEALTHNER.NUTRITION_TABLE (FOOD_NAME,KCAL) values ('꽃게장',32);
Insert into HEALTHNER.NUTRITION_TABLE (FOOD_NAME,KCAL) values ('꽃게탕',98);
Insert into HEALTHNER.NUTRITION_TABLE (FOOD_NAME,KCAL) values ('꿀',59);
Insert into HEALTHNER.NUTRITION_TABLE (FOOD_NAME,KCAL) values ('낙지',33);
Insert into HEALTHNER.NUTRITION_TABLE (FOOD_NAME,KCAL) values ('낙지볶음',90);
Insert into HEALTHNER.NUTRITION_TABLE (FOOD_NAME,KCAL) values ('냉이',9);
Insert into HEALTHNER.NUTRITION_TABLE (FOOD_NAME,KCAL) values ('냉이된장국',43);
Insert into HEALTHNER.NUTRITION_TABLE (FOOD_NAME,KCAL) values ('넙치(광어)',52);
Insert into HEALTHNER.NUTRITION_TABLE (FOOD_NAME,KCAL) values ('녹두',151);
Insert into HEALTHNER.NUTRITION_TABLE (FOOD_NAME,KCAL) values ('녹두묵',11);
Insert into HEALTHNER.NUTRITION_TABLE (FOOD_NAME,KCAL) values ('녹두빈대떡',198.4);
Insert into HEALTHNER.NUTRITION_TABLE (FOOD_NAME,KCAL) values ('녹차',2);
Insert into HEALTHNER.NUTRITION_TABLE (FOOD_NAME,KCAL) values ('녹차음료',2);
Insert into HEALTHNER.NUTRITION_TABLE (FOOD_NAME,KCAL) values ('누룽지',109.7);
Insert into HEALTHNER.NUTRITION_TABLE (FOOD_NAME,KCAL) values ('느타리버섯',6);
Insert into HEALTHNER.NUTRITION_TABLE (FOOD_NAME,KCAL) values ('느타리버섯볶음',24);
Insert into HEALTHNER.NUTRITION_TABLE (FOOD_NAME,KCAL) values ('늙은호박',16);
Insert into HEALTHNER.NUTRITION_TABLE (FOOD_NAME,KCAL) values ('다랑어(냉동)',34);
Insert into HEALTHNER.NUTRITION_TABLE (FOOD_NAME,KCAL) values ('다랑어(통조림)',59);
Insert into HEALTHNER.NUTRITION_TABLE (FOOD_NAME,KCAL) values ('다시마',3);
Insert into HEALTHNER.NUTRITION_TABLE (FOOD_NAME,KCAL) values ('다시마(말린것)',1);
Insert into HEALTHNER.NUTRITION_TABLE (FOOD_NAME,KCAL) values ('다시마튀각',68);
Insert into HEALTHNER.NUTRITION_TABLE (FOOD_NAME,KCAL) values ('단무지',2);
Insert into HEALTHNER.NUTRITION_TABLE (FOOD_NAME,KCAL) values ('단팥빵',249);
Insert into HEALTHNER.NUTRITION_TABLE (FOOD_NAME,KCAL) values ('달걀',55);
Insert into HEALTHNER.NUTRITION_TABLE (FOOD_NAME,KCAL) values ('달걀국',73);
Insert into HEALTHNER.NUTRITION_TABLE (FOOD_NAME,KCAL) values ('달걀말이',74.2);
Insert into HEALTHNER.NUTRITION_TABLE (FOOD_NAME,KCAL) values ('달걀부침(달걀후라이)',73.3);
Insert into HEALTHNER.NUTRITION_TABLE (FOOD_NAME,KCAL) values ('달걀찜',50.3);
Insert into HEALTHNER.NUTRITION_TABLE (FOOD_NAME,KCAL) values ('달래',3);
Insert into HEALTHNER.NUTRITION_TABLE (FOOD_NAME,KCAL) values ('달래된장찌개',30);
Insert into HEALTHNER.NUTRITION_TABLE (FOOD_NAME,KCAL) values ('달래무침',32);
Insert into HEALTHNER.NUTRITION_TABLE (FOOD_NAME,KCAL) values ('닭개장',141.1);
Insert into HEALTHNER.NUTRITION_TABLE (FOOD_NAME,KCAL) values ('닭고기',171);
Insert into HEALTHNER.NUTRITION_TABLE (FOOD_NAME,KCAL) values ('닭고기(가슴)',198);
Insert into HEALTHNER.NUTRITION_TABLE (FOOD_NAME,KCAL) values ('닭고기(가슴,껍질제거)',97);
Insert into HEALTHNER.NUTRITION_TABLE (FOOD_NAME,KCAL) values ('닭고기(날개)',210);
Insert into HEALTHNER.NUTRITION_TABLE (FOOD_NAME,KCAL) values ('닭고기(다리)',120);
Insert into HEALTHNER.NUTRITION_TABLE (FOOD_NAME,KCAL) values ('닭고기(다리,껍질제거)',114);
Insert into HEALTHNER.NUTRITION_TABLE (FOOD_NAME,KCAL) values ('닭도리탕',201);
Insert into HEALTHNER.NUTRITION_TABLE (FOOD_NAME,KCAL) values ('닭볶음(닭갈비)',322.7);
Insert into HEALTHNER.NUTRITION_TABLE (FOOD_NAME,KCAL) values ('닭양념튀김',335.2);
Insert into HEALTHNER.NUTRITION_TABLE (FOOD_NAME,KCAL) values ('닭죽',526.3);
Insert into HEALTHNER.NUTRITION_TABLE (FOOD_NAME,KCAL) values ('닭찜',254.3);
Insert into HEALTHNER.NUTRITION_TABLE (FOOD_NAME,KCAL) values ('닭튀김',328.4);
Insert into HEALTHNER.NUTRITION_TABLE (FOOD_NAME,KCAL) values ('당근',3);
Insert into HEALTHNER.NUTRITION_TABLE (FOOD_NAME,KCAL) values ('당면',70);
Insert into HEALTHNER.NUTRITION_TABLE (FOOD_NAME,KCAL) values ('대구',72);
Insert into HEALTHNER.NUTRITION_TABLE (FOOD_NAME,KCAL) values ('대구매운탕',119);
Insert into HEALTHNER.NUTRITION_TABLE (FOOD_NAME,KCAL) values ('대두',57);
Insert into HEALTHNER.NUTRITION_TABLE (FOOD_NAME,KCAL) values ('대추(건과)',12);
Insert into HEALTHNER.NUTRITION_TABLE (FOOD_NAME,KCAL) values ('더덕',11);
Insert into HEALTHNER.NUTRITION_TABLE (FOOD_NAME,KCAL) values ('더덕무침',31);
Insert into HEALTHNER.NUTRITION_TABLE (FOOD_NAME,KCAL) values ('도라지',29);
Insert into HEALTHNER.NUTRITION_TABLE (FOOD_NAME,KCAL) values ('도라지나물',62);
Insert into HEALTHNER.NUTRITION_TABLE (FOOD_NAME,KCAL) values ('도라지생채',41);
Insert into HEALTHNER.NUTRITION_TABLE (FOOD_NAME,KCAL) values ('도우넛(링)',309);
Insert into HEALTHNER.NUTRITION_TABLE (FOOD_NAME,KCAL) values ('도우넛(팥)',439);
Insert into HEALTHNER.NUTRITION_TABLE (FOOD_NAME,KCAL) values ('도토리묵',30);
Insert into HEALTHNER.NUTRITION_TABLE (FOOD_NAME,KCAL) values ('도토리묵무침',52);
Insert into HEALTHNER.NUTRITION_TABLE (FOOD_NAME,KCAL) values ('돈까스',287.5);
Insert into HEALTHNER.NUTRITION_TABLE (FOOD_NAME,KCAL) values ('돌나물',4);
Insert into HEALTHNER.NUTRITION_TABLE (FOOD_NAME,KCAL) values ('돔(옥돔)',55);
Insert into HEALTHNER.NUTRITION_TABLE (FOOD_NAME,KCAL) values ('동부',9);
Insert into HEALTHNER.NUTRITION_TABLE (FOOD_NAME,KCAL) values ('동태국',60.5);
Insert into HEALTHNER.NUTRITION_TABLE (FOOD_NAME,KCAL) values ('동태조림',80);
Insert into HEALTHNER.NUTRITION_TABLE (FOOD_NAME,KCAL) values ('동태찌개',71.1);
Insert into HEALTHNER.NUTRITION_TABLE (FOOD_NAME,KCAL) values ('돼지갈비구이',375);
Insert into HEALTHNER.NUTRITION_TABLE (FOOD_NAME,KCAL) values ('돼지갈비찜',324.4);
Insert into HEALTHNER.NUTRITION_TABLE (FOOD_NAME,KCAL) values ('돼지고기',157);
Insert into HEALTHNER.NUTRITION_TABLE (FOOD_NAME,KCAL) values ('돼지고기(갈비)',270);
Insert into HEALTHNER.NUTRITION_TABLE (FOOD_NAME,KCAL) values ('돼지고기(삼겹살)',513);
Insert into HEALTHNER.NUTRITION_TABLE (FOOD_NAME,KCAL) values ('돼지고기가공품(등심햄)',20);
Insert into HEALTHNER.NUTRITION_TABLE (FOOD_NAME,KCAL) values ('돼지고기가공품(런천미트)',39);
Insert into HEALTHNER.NUTRITION_TABLE (FOOD_NAME,KCAL) values ('돼지고기가공품(베이컨)',17);
Insert into HEALTHNER.NUTRITION_TABLE (FOOD_NAME,KCAL) values ('돼지고기가공품(비엔나소시지)',105);
Insert into HEALTHNER.NUTRITION_TABLE (FOOD_NAME,KCAL) values ('돼지고기가공품(프랑크프르트소시지)',97);
Insert into HEALTHNER.NUTRITION_TABLE (FOOD_NAME,KCAL) values ('돼지고기구이',427.3);
Insert into HEALTHNER.NUTRITION_TABLE (FOOD_NAME,KCAL) values ('돼지고기덮밥',660.3);
Insert into HEALTHNER.NUTRITION_TABLE (FOOD_NAME,KCAL) values ('돼지고기볶음',260);
Insert into HEALTHNER.NUTRITION_TABLE (FOOD_NAME,KCAL) values ('돼지고기장조림',91);
Insert into HEALTHNER.NUTRITION_TABLE (FOOD_NAME,KCAL) values ('돼지고기찌개',136.2);
Insert into HEALTHNER.NUTRITION_TABLE (FOOD_NAME,KCAL) values ('돼지불고기',256);
Insert into HEALTHNER.NUTRITION_TABLE (FOOD_NAME,KCAL) values ('된장',24);
Insert into HEALTHNER.NUTRITION_TABLE (FOOD_NAME,KCAL) values ('된장(가루된장)',33);
Insert into HEALTHNER.NUTRITION_TABLE (FOOD_NAME,KCAL) values ('된장국',60);
Insert into HEALTHNER.NUTRITION_TABLE (FOOD_NAME,KCAL) values ('된장찌개',60.2);
Insert into HEALTHNER.NUTRITION_TABLE (FOOD_NAME,KCAL) values ('두릅',13);
Insert into HEALTHNER.NUTRITION_TABLE (FOOD_NAME,KCAL) values ('두릅무침',54);
Insert into HEALTHNER.NUTRITION_TABLE (FOOD_NAME,KCAL) values ('두부',50);
Insert into HEALTHNER.NUTRITION_TABLE (FOOD_NAME,KCAL) values ('두부김치',156);
Insert into HEALTHNER.NUTRITION_TABLE (FOOD_NAME,KCAL) values ('두부부침',50.1);
Insert into HEALTHNER.NUTRITION_TABLE (FOOD_NAME,KCAL) values ('두부조림',89.4);
Insert into HEALTHNER.NUTRITION_TABLE (FOOD_NAME,KCAL) values ('두부찌개',88);
Insert into HEALTHNER.NUTRITION_TABLE (FOOD_NAME,KCAL) values ('두유음료',144);
Insert into HEALTHNER.NUTRITION_TABLE (FOOD_NAME,KCAL) values ('들기름',35);
Insert into HEALTHNER.NUTRITION_TABLE (FOOD_NAME,KCAL) values ('들깨',8);
Insert into HEALTHNER.NUTRITION_TABLE (FOOD_NAME,KCAL) values ('들미나리',5);
Insert into HEALTHNER.NUTRITION_TABLE (FOOD_NAME,KCAL) values ('딸기',26);
Insert into HEALTHNER.NUTRITION_TABLE (FOOD_NAME,KCAL) values ('딸기잼',49);
Insert into HEALTHNER.NUTRITION_TABLE (FOOD_NAME,KCAL) values ('땅콩',74);
Insert into HEALTHNER.NUTRITION_TABLE (FOOD_NAME,KCAL) values ('땅콩버터',30);
Insert into HEALTHNER.NUTRITION_TABLE (FOOD_NAME,KCAL) values ('떡국',399);
Insert into HEALTHNER.NUTRITION_TABLE (FOOD_NAME,KCAL) values ('떡만두국',470);
Insert into HEALTHNER.NUTRITION_TABLE (FOOD_NAME,KCAL) values ('떡볶이',170);
Insert into HEALTHNER.NUTRITION_TABLE (FOOD_NAME,KCAL) values ('라면',521);
Insert into HEALTHNER.NUTRITION_TABLE (FOOD_NAME,KCAL) values ('롤빵',142);
Insert into HEALTHNER.NUTRITION_TABLE (FOOD_NAME,KCAL) values ('롤케익',219);
Insert into HEALTHNER.NUTRITION_TABLE (FOOD_NAME,KCAL) values ('마가린',36);
Insert into HEALTHNER.NUTRITION_TABLE (FOOD_NAME,KCAL) values ('마늘',13);
Insert into HEALTHNER.NUTRITION_TABLE (FOOD_NAME,KCAL) values ('마늘장아찌',5.5);
Insert into HEALTHNER.NUTRITION_TABLE (FOOD_NAME,KCAL) values ('마늘쫑무침',14);
Insert into HEALTHNER.NUTRITION_TABLE (FOOD_NAME,KCAL) values ('마늘쫑볶음',31);
Insert into HEALTHNER.NUTRITION_TABLE (FOOD_NAME,KCAL) values ('마늘쫑장아찌',5.5);
Insert into HEALTHNER.NUTRITION_TABLE (FOOD_NAME,KCAL) values ('마요네즈',74);
Insert into HEALTHNER.NUTRITION_TABLE (FOOD_NAME,KCAL) values ('마파두부',59);
Insert into HEALTHNER.NUTRITION_TABLE (FOOD_NAME,KCAL) values ('막걸리',184);
Insert into HEALTHNER.NUTRITION_TABLE (FOOD_NAME,KCAL) values ('만두국',473);
Insert into HEALTHNER.NUTRITION_TABLE (FOOD_NAME,KCAL) values ('맛술(미림)',7);
Insert into HEALTHNER.NUTRITION_TABLE (FOOD_NAME,KCAL) values ('맥주',131);
Insert into HEALTHNER.NUTRITION_TABLE (FOOD_NAME,KCAL) values ('머위',9);
Insert into HEALTHNER.NUTRITION_TABLE (FOOD_NAME,KCAL) values ('머위나물',29);
Insert into HEALTHNER.NUTRITION_TABLE (FOOD_NAME,KCAL) values ('가래떡(떡국용)',311);
Insert into HEALTHNER.NUTRITION_TABLE (FOOD_NAME,KCAL) values ('가래떡(떡볶이용)',96);
Insert into HEALTHNER.NUTRITION_TABLE (FOOD_NAME,KCAL) values ('가자미',58);
Insert into HEALTHNER.NUTRITION_TABLE (FOOD_NAME,KCAL) values ('가자미구이',76);
Insert into HEALTHNER.NUTRITION_TABLE (FOOD_NAME,KCAL) values ('가자미조림',45.4);
Insert into HEALTHNER.NUTRITION_TABLE (FOOD_NAME,KCAL) values ('가지',6);
Insert into HEALTHNER.NUTRITION_TABLE (FOOD_NAME,KCAL) values ('가지나물',19);
Insert into HEALTHNER.NUTRITION_TABLE (FOOD_NAME,KCAL) values ('간장(왜간장)',8);
Insert into HEALTHNER.NUTRITION_TABLE (FOOD_NAME,KCAL) values ('갈비구이',586);
Insert into HEALTHNER.NUTRITION_TABLE (FOOD_NAME,KCAL) values ('갈비찜',262.2);
Insert into HEALTHNER.NUTRITION_TABLE (FOOD_NAME,KCAL) values ('갈비탕',362.5);
Insert into HEALTHNER.NUTRITION_TABLE (FOOD_NAME,KCAL) values ('갈치',60);
Insert into HEALTHNER.NUTRITION_TABLE (FOOD_NAME,KCAL) values ('갈치구이',110.4);
Insert into HEALTHNER.NUTRITION_TABLE (FOOD_NAME,KCAL) values ('갈치조림',37);
Insert into HEALTHNER.NUTRITION_TABLE (FOOD_NAME,KCAL) values ('갈치찌개',48.2);
Insert into HEALTHNER.NUTRITION_TABLE (FOOD_NAME,KCAL) values ('감(곶감)',119);
Insert into HEALTHNER.NUTRITION_TABLE (FOOD_NAME,KCAL) values ('감(단감)',37);
Insert into HEALTHNER.NUTRITION_TABLE (FOOD_NAME,KCAL) values ('감자',43);
Insert into HEALTHNER.NUTRITION_TABLE (FOOD_NAME,KCAL) values ('감자국',55.1);
Insert into HEALTHNER.NUTRITION_TABLE (FOOD_NAME,KCAL) values ('감자볶음',36.2);
Insert into HEALTHNER.NUTRITION_TABLE (FOOD_NAME,KCAL) values ('감자샐러드',64);
Insert into HEALTHNER.NUTRITION_TABLE (FOOD_NAME,KCAL) values ('감자조림',39);
Insert into HEALTHNER.NUTRITION_TABLE (FOOD_NAME,KCAL) values ('감자칩',239);
Insert into HEALTHNER.NUTRITION_TABLE (FOOD_NAME,KCAL) values ('강낭콩',11);
Insert into HEALTHNER.NUTRITION_TABLE (FOOD_NAME,KCAL) values ('개고기',144);
Insert into HEALTHNER.NUTRITION_TABLE (FOOD_NAME,KCAL) values ('건빵',104);
Insert into HEALTHNER.NUTRITION_TABLE (FOOD_NAME,KCAL) values ('검정콩',42);
Insert into HEALTHNER.NUTRITION_TABLE (FOOD_NAME,KCAL) values ('겨자',13);
Insert into HEALTHNER.NUTRITION_TABLE (FOOD_NAME,KCAL) values ('경단',144);
Insert into HEALTHNER.NUTRITION_TABLE (FOOD_NAME,KCAL) values ('고구마',90);
Insert into HEALTHNER.NUTRITION_TABLE (FOOD_NAME,KCAL) values ('고구마맛탕',266);
Insert into HEALTHNER.NUTRITION_TABLE (FOOD_NAME,KCAL) values ('고구마줄기',2);
Insert into HEALTHNER.NUTRITION_TABLE (FOOD_NAME,KCAL) values ('고구마튀김',72.4);
Insert into HEALTHNER.NUTRITION_TABLE (FOOD_NAME,KCAL) values ('고기만두',348.1);
Insert into HEALTHNER.NUTRITION_TABLE (FOOD_NAME,KCAL) values ('고들빼기',14);
Insert into HEALTHNER.NUTRITION_TABLE (FOOD_NAME,KCAL) values ('고등어',92);
Insert into HEALTHNER.NUTRITION_TABLE (FOOD_NAME,KCAL) values ('고등어(자반고등어)',95);
Insert into HEALTHNER.NUTRITION_TABLE (FOOD_NAME,KCAL) values ('고등어구이',110.4);
Insert into HEALTHNER.NUTRITION_TABLE (FOOD_NAME,KCAL) values ('고등어조림',107);
Insert into HEALTHNER.NUTRITION_TABLE (FOOD_NAME,KCAL) values ('고등어찌개',66);
Insert into HEALTHNER.NUTRITION_TABLE (FOOD_NAME,KCAL) values ('고등어튀김',167.3);
Insert into HEALTHNER.NUTRITION_TABLE (FOOD_NAME,KCAL) values ('고사리',8);
Insert into HEALTHNER.NUTRITION_TABLE (FOOD_NAME,KCAL) values ('고사리(말린것)',68);
Insert into HEALTHNER.NUTRITION_TABLE (FOOD_NAME,KCAL) values ('고사리나물',25.5);
Insert into HEALTHNER.NUTRITION_TABLE (FOOD_NAME,KCAL) values ('고추냉이(와사비)',6);
Insert into HEALTHNER.NUTRITION_TABLE (FOOD_NAME,KCAL) values ('고추멸치볶음',30.3);
Insert into HEALTHNER.NUTRITION_TABLE (FOOD_NAME,KCAL) values ('고추볶음',16);
Insert into HEALTHNER.NUTRITION_TABLE (FOOD_NAME,KCAL) values ('고추장',27);
Insert into HEALTHNER.NUTRITION_TABLE (FOOD_NAME,KCAL) values ('고추장아찌',6.3);
Insert into HEALTHNER.NUTRITION_TABLE (FOOD_NAME,KCAL) values ('멍게',21);
Insert into HEALTHNER.NUTRITION_TABLE (FOOD_NAME,KCAL) values ('메기',86);
Insert into HEALTHNER.NUTRITION_TABLE (FOOD_NAME,KCAL) values ('메기매운탕',103);
Insert into HEALTHNER.NUTRITION_TABLE (FOOD_NAME,KCAL) values ('메밀국수(건면)',447);
Insert into HEALTHNER.NUTRITION_TABLE (FOOD_NAME,KCAL) values ('메추라기알',70);
Insert into HEALTHNER.NUTRITION_TABLE (FOOD_NAME,KCAL) values ('메추라기알장조림',88);
Insert into HEALTHNER.NUTRITION_TABLE (FOOD_NAME,KCAL) values ('멸치(자건품, 중)',12);
Insert into HEALTHNER.NUTRITION_TABLE (FOOD_NAME,KCAL) values ('멸치볶음',47);
Insert into HEALTHNER.NUTRITION_TABLE (FOOD_NAME,KCAL) values ('명란알',28);
Insert into HEALTHNER.NUTRITION_TABLE (FOOD_NAME,KCAL) values ('명란젓',18);
Insert into HEALTHNER.NUTRITION_TABLE (FOOD_NAME,KCAL) values ('명태(동태)',37);
Insert into HEALTHNER.NUTRITION_TABLE (FOOD_NAME,KCAL) values ('명태(북어)',58);
Insert into HEALTHNER.NUTRITION_TABLE (FOOD_NAME,KCAL) values ('모듬회',185);
Insert into HEALTHNER.NUTRITION_TABLE (FOOD_NAME,KCAL) values ('모밀국수',472);
Insert into HEALTHNER.NUTRITION_TABLE (FOOD_NAME,KCAL) values ('모시조개젓',5);
Insert into HEALTHNER.NUTRITION_TABLE (FOOD_NAME,KCAL) values ('목이버섯(말린것)',5);
Insert into HEALTHNER.NUTRITION_TABLE (FOOD_NAME,KCAL) values ('무',28);
Insert into HEALTHNER.NUTRITION_TABLE (FOOD_NAME,KCAL) values ('무국',61.4);
Insert into HEALTHNER.NUTRITION_TABLE (FOOD_NAME,KCAL) values ('무나물',53);
Insert into HEALTHNER.NUTRITION_TABLE (FOOD_NAME,KCAL) values ('무된장국',56);
Insert into HEALTHNER.NUTRITION_TABLE (FOOD_NAME,KCAL) values ('무말랭이',11);
Insert into HEALTHNER.NUTRITION_TABLE (FOOD_NAME,KCAL) values ('무말랭이무침',23.3);
Insert into HEALTHNER.NUTRITION_TABLE (FOOD_NAME,KCAL) values ('무말랭이장아찌',19);
Insert into HEALTHNER.NUTRITION_TABLE (FOOD_NAME,KCAL) values ('무생채',55);
Insert into HEALTHNER.NUTRITION_TABLE (FOOD_NAME,KCAL) values ('무장아찌(무초절임)',13.2);
Insert into HEALTHNER.NUTRITION_TABLE (FOOD_NAME,KCAL) values ('무짠지',3);
Insert into HEALTHNER.NUTRITION_TABLE (FOOD_NAME,KCAL) values ('무청',11);
Insert into HEALTHNER.NUTRITION_TABLE (FOOD_NAME,KCAL) values ('문어',7);
Insert into HEALTHNER.NUTRITION_TABLE (FOOD_NAME,KCAL) values ('물냉면',583);
Insert into HEALTHNER.NUTRITION_TABLE (FOOD_NAME,KCAL) values ('물엿',59);
Insert into HEALTHNER.NUTRITION_TABLE (FOOD_NAME,KCAL) values ('미꾸라지',58);
Insert into HEALTHNER.NUTRITION_TABLE (FOOD_NAME,KCAL) values ('미나리나물',18.5);
Insert into HEALTHNER.NUTRITION_TABLE (FOOD_NAME,KCAL) values ('미나리무침',21);
Insert into HEALTHNER.NUTRITION_TABLE (FOOD_NAME,KCAL) values ('미더덕',8);
Insert into HEALTHNER.NUTRITION_TABLE (FOOD_NAME,KCAL) values ('미숫가루',85);
Insert into HEALTHNER.NUTRITION_TABLE (FOOD_NAME,KCAL) values ('미역(말린것)',6);
Insert into HEALTHNER.NUTRITION_TABLE (FOOD_NAME,KCAL) values ('미역(생것)',3);
Insert into HEALTHNER.NUTRITION_TABLE (FOOD_NAME,KCAL) values ('미역국',20.4);
Insert into HEALTHNER.NUTRITION_TABLE (FOOD_NAME,KCAL) values ('미역줄기볶음',12);
Insert into HEALTHNER.NUTRITION_TABLE (FOOD_NAME,KCAL) values ('미역초무침',23.1);
Insert into HEALTHNER.NUTRITION_TABLE (FOOD_NAME,KCAL) values ('밀가루(중력분)',170);
Insert into HEALTHNER.NUTRITION_TABLE (FOOD_NAME,KCAL) values ('바나나',108);
Insert into HEALTHNER.NUTRITION_TABLE (FOOD_NAME,KCAL) values ('바지락조개(모시조개)',24);
Insert into HEALTHNER.NUTRITION_TABLE (FOOD_NAME,KCAL) values ('밤',16);
Insert into HEALTHNER.NUTRITION_TABLE (FOOD_NAME,KCAL) values ('배',59);
Insert into HEALTHNER.NUTRITION_TABLE (FOOD_NAME,KCAL) values ('배추',6);
Insert into HEALTHNER.NUTRITION_TABLE (FOOD_NAME,KCAL) values ('배추겉절이',33.4);
Insert into HEALTHNER.NUTRITION_TABLE (FOOD_NAME,KCAL) values ('배추나물',13);
Insert into HEALTHNER.NUTRITION_TABLE (FOOD_NAME,KCAL) values ('백미',289);
Insert into HEALTHNER.NUTRITION_TABLE (FOOD_NAME,KCAL) values ('백미죽',194.6);
Insert into HEALTHNER.NUTRITION_TABLE (FOOD_NAME,KCAL) values ('백설기',222);
Insert into HEALTHNER.NUTRITION_TABLE (FOOD_NAME,KCAL) values ('백합',19);
Insert into HEALTHNER.NUTRITION_TABLE (FOOD_NAME,KCAL) values ('뱅어포',36);
Insert into HEALTHNER.NUTRITION_TABLE (FOOD_NAME,KCAL) values ('버섯볶음',26.1);
Insert into HEALTHNER.NUTRITION_TABLE (FOOD_NAME,KCAL) values ('버터',37);
Insert into HEALTHNER.NUTRITION_TABLE (FOOD_NAME,KCAL) values ('보리',34);
Insert into HEALTHNER.NUTRITION_TABLE (FOOD_NAME,KCAL) values ('보리밥',380.6);
Insert into HEALTHNER.NUTRITION_TABLE (FOOD_NAME,KCAL) values ('보신탕',154);
Insert into HEALTHNER.NUTRITION_TABLE (FOOD_NAME,KCAL) values ('보쌈',202);
Insert into HEALTHNER.NUTRITION_TABLE (FOOD_NAME,KCAL) values ('복매운탕',93);
Insert into HEALTHNER.NUTRITION_TABLE (FOOD_NAME,KCAL) values ('복숭아(통조림)',88);
Insert into HEALTHNER.NUTRITION_TABLE (FOOD_NAME,KCAL) values ('복어',80);
Insert into HEALTHNER.NUTRITION_TABLE (FOOD_NAME,KCAL) values ('복지리',123);
Insert into HEALTHNER.NUTRITION_TABLE (FOOD_NAME,KCAL) values ('볶음밥',461.5);
Insert into HEALTHNER.NUTRITION_TABLE (FOOD_NAME,KCAL) values ('볼락',46);
Insert into HEALTHNER.NUTRITION_TABLE (FOOD_NAME,KCAL) values ('부대찌개',171.3);
Insert into HEALTHNER.NUTRITION_TABLE (FOOD_NAME,KCAL) values ('부추',6);
Insert into HEALTHNER.NUTRITION_TABLE (FOOD_NAME,KCAL) values ('부추무침',24.3);
Insert into HEALTHNER.NUTRITION_TABLE (FOOD_NAME,KCAL) values ('부추전',158);
Insert into HEALTHNER.NUTRITION_TABLE (FOOD_NAME,KCAL) values ('부추전(가정식)',263);
Insert into HEALTHNER.NUTRITION_TABLE (FOOD_NAME,KCAL) values ('부추전(외식)',44);
Insert into HEALTHNER.NUTRITION_TABLE (FOOD_NAME,KCAL) values ('북어국',112.4);
Insert into HEALTHNER.NUTRITION_TABLE (FOOD_NAME,KCAL) values ('북어조림',77);
Insert into HEALTHNER.NUTRITION_TABLE (FOOD_NAME,KCAL) values ('북어찜',120);
Insert into HEALTHNER.NUTRITION_TABLE (FOOD_NAME,KCAL) values ('분말조미료(쇠고기)',2);
Insert into HEALTHNER.NUTRITION_TABLE (FOOD_NAME,KCAL) values ('불고기',197.5);
Insert into HEALTHNER.NUTRITION_TABLE (FOOD_NAME,KCAL) values ('불고기(가정식)',132);
Insert into HEALTHNER.NUTRITION_TABLE (FOOD_NAME,KCAL) values ('불고기(외식)',230.4);
Insert into HEALTHNER.NUTRITION_TABLE (FOOD_NAME,KCAL) values ('붉은고추',1);
Insert into HEALTHNER.NUTRITION_TABLE (FOOD_NAME,KCAL) values ('브로콜리',8);
Insert into HEALTHNER.NUTRITION_TABLE (FOOD_NAME,KCAL) values ('비름',12);
Insert into HEALTHNER.NUTRITION_TABLE (FOOD_NAME,KCAL) values ('비름나물',29);
Insert into HEALTHNER.NUTRITION_TABLE (FOOD_NAME,KCAL) values ('비빔국수',599);
Insert into HEALTHNER.NUTRITION_TABLE (FOOD_NAME,KCAL) values ('비빔냉면',552);
Insert into HEALTHNER.NUTRITION_TABLE (FOOD_NAME,KCAL) values ('비빔밥',588.9);
Insert into HEALTHNER.NUTRITION_TABLE (FOOD_NAME,KCAL) values ('비스킷(소프트)',131);
Insert into HEALTHNER.NUTRITION_TABLE (FOOD_NAME,KCAL) values ('비스킷(하드)',86);
Insert into HEALTHNER.NUTRITION_TABLE (FOOD_NAME,KCAL) values ('빵가루',28);
Insert into HEALTHNER.NUTRITION_TABLE (FOOD_NAME,KCAL) values ('사과',69);
Insert into HEALTHNER.NUTRITION_TABLE (FOOD_NAME,KCAL) values ('사우전드아일랜드드레싱',72);
Insert into HEALTHNER.NUTRITION_TABLE (FOOD_NAME,KCAL) values ('사이다',100);
Insert into HEALTHNER.NUTRITION_TABLE (FOOD_NAME,KCAL) values ('사탕',24);
Insert into HEALTHNER.NUTRITION_TABLE (FOOD_NAME,KCAL) values ('삼겹살구이',610.4);
Insert into HEALTHNER.NUTRITION_TABLE (FOOD_NAME,KCAL) values ('삼계탕(닭백숙)',395);
Insert into HEALTHNER.NUTRITION_TABLE (FOOD_NAME,KCAL) values ('삼치',55);
Insert into HEALTHNER.NUTRITION_TABLE (FOOD_NAME,KCAL) values ('삼치구이',77);
Insert into HEALTHNER.NUTRITION_TABLE (FOOD_NAME,KCAL) values ('삼치조림',72.5);
Insert into HEALTHNER.NUTRITION_TABLE (FOOD_NAME,KCAL) values ('상추',2);
Insert into HEALTHNER.NUTRITION_TABLE (FOOD_NAME,KCAL) values ('상추겉절이',34);
Insert into HEALTHNER.NUTRITION_TABLE (FOOD_NAME,KCAL) values ('새우(중하)',33);
Insert into HEALTHNER.NUTRITION_TABLE (FOOD_NAME,KCAL) values ('새우(중하,자건품)',15);
Insert into HEALTHNER.NUTRITION_TABLE (FOOD_NAME,KCAL) values ('새우볶음',9.1);
Insert into HEALTHNER.NUTRITION_TABLE (FOOD_NAME,KCAL) values ('새우젓',2);
Insert into HEALTHNER.NUTRITION_TABLE (FOOD_NAME,KCAL) values ('새우젓무침',2.4);
Insert into HEALTHNER.NUTRITION_TABLE (FOOD_NAME,KCAL) values ('샌드위치',358);
Insert into HEALTHNER.NUTRITION_TABLE (FOOD_NAME,KCAL) values ('생강',1);
Insert into HEALTHNER.NUTRITION_TABLE (FOOD_NAME,KCAL) values ('생선가스',116);
Insert into HEALTHNER.NUTRITION_TABLE (FOOD_NAME,KCAL) values ('생선전',66.1);
Insert into HEALTHNER.NUTRITION_TABLE (FOOD_NAME,KCAL) values ('생선초밥',454.2);
Insert into HEALTHNER.NUTRITION_TABLE (FOOD_NAME,KCAL) values ('샤베트',102);
Insert into HEALTHNER.NUTRITION_TABLE (FOOD_NAME,KCAL) values ('선짓국',70);
Insert into HEALTHNER.NUTRITION_TABLE (FOOD_NAME,KCAL) values ('설렁탕',171.1);
Insert into HEALTHNER.NUTRITION_TABLE (FOOD_NAME,KCAL) values ('설탕(백설탕)',46);
Insert into HEALTHNER.NUTRITION_TABLE (FOOD_NAME,KCAL) values ('설탕(황설탕)',46);
Insert into HEALTHNER.NUTRITION_TABLE (FOOD_NAME,KCAL) values ('셀러리',2);
Insert into HEALTHNER.NUTRITION_TABLE (FOOD_NAME,KCAL) values ('소금',0);
Insert into HEALTHNER.NUTRITION_TABLE (FOOD_NAME,KCAL) values ('소라',19);
Insert into HEALTHNER.NUTRITION_TABLE (FOOD_NAME,KCAL) values ('소면(건면)',490);
Insert into HEALTHNER.NUTRITION_TABLE (FOOD_NAME,KCAL) values ('소주',63);
Insert into HEALTHNER.NUTRITION_TABLE (FOOD_NAME,KCAL) values ('송편(깨)',95);
Insert into HEALTHNER.NUTRITION_TABLE (FOOD_NAME,KCAL) values ('쇠고기,수입우(갈비)',263);
Insert into HEALTHNER.NUTRITION_TABLE (FOOD_NAME,KCAL) values ('쇠고기,수입우(등심)',101);
Insert into HEALTHNER.NUTRITION_TABLE (FOOD_NAME,KCAL) values ('쇠고기,수입우(사태)',42);
Insert into HEALTHNER.NUTRITION_TABLE (FOOD_NAME,KCAL) values ('쇠고기,수입우(양지)',53);
Insert into HEALTHNER.NUTRITION_TABLE (FOOD_NAME,KCAL) values ('쇠고기,수입우(우둔)',34);
Insert into HEALTHNER.NUTRITION_TABLE (FOOD_NAME,KCAL) values ('쇠고기,한우',48);
Insert into HEALTHNER.NUTRITION_TABLE (FOOD_NAME,KCAL) values ('쇠고기,한우(등심)',86);
Insert into HEALTHNER.NUTRITION_TABLE (FOOD_NAME,KCAL) values ('쇠고기,한우(사태)',46);
Insert into HEALTHNER.NUTRITION_TABLE (FOOD_NAME,KCAL) values ('쇠고기,한우(양지)',58);
Insert into HEALTHNER.NUTRITION_TABLE (FOOD_NAME,KCAL) values ('쇠고기국',66);
Insert into HEALTHNER.NUTRITION_TABLE (FOOD_NAME,KCAL) values ('쇠고기미역국',63);
Insert into HEALTHNER.NUTRITION_TABLE (FOOD_NAME,KCAL) values ('쇠고기부산물(간)',39);
Insert into HEALTHNER.NUTRITION_TABLE (FOOD_NAME,KCAL) values ('쇠고기부산물(곱창)',56);
Insert into HEALTHNER.NUTRITION_TABLE (FOOD_NAME,KCAL) values ('쇠고기부산물(선지)',20);
Insert into HEALTHNER.NUTRITION_TABLE (FOOD_NAME,KCAL) values ('쇠고기산적',104);
Insert into HEALTHNER.NUTRITION_TABLE (FOOD_NAME,KCAL) values ('쇠고기전골',104);
Insert into HEALTHNER.NUTRITION_TABLE (FOOD_NAME,KCAL) values ('수박',31);
Insert into HEALTHNER.NUTRITION_TABLE (FOOD_NAME,KCAL) values ('수수',25);
Insert into HEALTHNER.NUTRITION_TABLE (FOOD_NAME,KCAL) values ('수수밥',465.8);
Insert into HEALTHNER.NUTRITION_TABLE (FOOD_NAME,KCAL) values ('수육(쇠고기)',127.1);
Insert into HEALTHNER.NUTRITION_TABLE (FOOD_NAME,KCAL) values ('수제비',453.2);
Insert into HEALTHNER.NUTRITION_TABLE (FOOD_NAME,KCAL) values ('숙주나물',4);
Insert into HEALTHNER.NUTRITION_TABLE (FOOD_NAME,KCAL) values ('순대',64.1);
Insert into HEALTHNER.NUTRITION_TABLE (FOOD_NAME,KCAL) values ('순대국',127);
Insert into HEALTHNER.NUTRITION_TABLE (FOOD_NAME,KCAL) values ('순두부',40);
Insert into HEALTHNER.NUTRITION_TABLE (FOOD_NAME,KCAL) values ('순두부찌개',80.3);
Insert into HEALTHNER.NUTRITION_TABLE (FOOD_NAME,KCAL) values ('스낵과자(밀가루)',145);
Insert into HEALTHNER.NUTRITION_TABLE (FOOD_NAME,KCAL) values ('스낵과자(옥수수)',237);
Insert into HEALTHNER.NUTRITION_TABLE (FOOD_NAME,KCAL) values ('스파게티',514.4);
Insert into HEALTHNER.NUTRITION_TABLE (FOOD_NAME,KCAL) values ('스파게티(건면)',309);
Insert into HEALTHNER.NUTRITION_TABLE (FOOD_NAME,KCAL) values ('스프',152.2);
Insert into HEALTHNER.NUTRITION_TABLE (FOOD_NAME,KCAL) values ('시금치',14);
Insert into HEALTHNER.NUTRITION_TABLE (FOOD_NAME,KCAL) values ('시금치나물',26);
Insert into HEALTHNER.NUTRITION_TABLE (FOOD_NAME,KCAL) values ('시금치된장국',35.1);
Insert into HEALTHNER.NUTRITION_TABLE (FOOD_NAME,KCAL) values ('시래기된장국',38);
Insert into HEALTHNER.NUTRITION_TABLE (FOOD_NAME,KCAL) values ('시리얼(콘푸레이크)',93);
Insert into HEALTHNER.NUTRITION_TABLE (FOOD_NAME,KCAL) values ('식빵',156);
Insert into HEALTHNER.NUTRITION_TABLE (FOOD_NAME,KCAL) values ('식초',1);
Insert into HEALTHNER.NUTRITION_TABLE (FOOD_NAME,KCAL) values ('식혜',89);
Insert into HEALTHNER.NUTRITION_TABLE (FOOD_NAME,KCAL) values ('쌀과자',183);
Insert into HEALTHNER.NUTRITION_TABLE (FOOD_NAME,KCAL) values ('쌀밥',405);
Insert into HEALTHNER.NUTRITION_TABLE (FOOD_NAME,KCAL) values ('쌈장',35);
Insert into HEALTHNER.NUTRITION_TABLE (FOOD_NAME,KCAL) values ('쌍화차(분말)',74);
Insert into HEALTHNER.NUTRITION_TABLE (FOOD_NAME,KCAL) values ('쑥',31);
Insert into HEALTHNER.NUTRITION_TABLE (FOOD_NAME,KCAL) values ('쑥갓',1);
Insert into HEALTHNER.NUTRITION_TABLE (FOOD_NAME,KCAL) values ('쑥된장국',52.5);
Insert into HEALTHNER.NUTRITION_TABLE (FOOD_NAME,KCAL) values ('씀바귀',12);
Insert into HEALTHNER.NUTRITION_TABLE (FOOD_NAME,KCAL) values ('씀바귀나물',43);
Insert into HEALTHNER.NUTRITION_TABLE (FOOD_NAME,KCAL) values ('아구찜',89);
Insert into HEALTHNER.NUTRITION_TABLE (FOOD_NAME,KCAL) values ('아귀',48);
Insert into HEALTHNER.NUTRITION_TABLE (FOOD_NAME,KCAL) values ('아몬드',48);
Insert into HEALTHNER.NUTRITION_TABLE (FOOD_NAME,KCAL) values ('아스파라거스',0);
Insert into HEALTHNER.NUTRITION_TABLE (FOOD_NAME,KCAL) values ('아욱',10);
Insert into HEALTHNER.NUTRITION_TABLE (FOOD_NAME,KCAL) values ('아욱된장국',39.2);
Insert into HEALTHNER.NUTRITION_TABLE (FOOD_NAME,KCAL) values ('아이스크림',216);
Insert into HEALTHNER.NUTRITION_TABLE (FOOD_NAME,KCAL) values ('아이스크림(소프트,바닐라)',178);
Insert into HEALTHNER.NUTRITION_TABLE (FOOD_NAME,KCAL) values ('아이스크림바(초콜렛)',173);
Insert into HEALTHNER.NUTRITION_TABLE (FOOD_NAME,KCAL) values ('아이스크림콘(바닐라)',167);
Insert into HEALTHNER.NUTRITION_TABLE (FOOD_NAME,KCAL) values ('약과',255);
Insert into HEALTHNER.NUTRITION_TABLE (FOOD_NAME,KCAL) values ('양념꽃게장',39.2);
Insert into HEALTHNER.NUTRITION_TABLE (FOOD_NAME,KCAL) values ('양배추',6);
Insert into HEALTHNER.NUTRITION_TABLE (FOOD_NAME,KCAL) values ('양배추샐러드',56);
Insert into HEALTHNER.NUTRITION_TABLE (FOOD_NAME,KCAL) values ('양상추',3);
Insert into HEALTHNER.NUTRITION_TABLE (FOOD_NAME,KCAL) values ('양송이버섯',2);
Insert into HEALTHNER.NUTRITION_TABLE (FOOD_NAME,KCAL) values ('양주(위스키)',71);
Insert into HEALTHNER.NUTRITION_TABLE (FOOD_NAME,KCAL) values ('양파',3);
Insert into HEALTHNER.NUTRITION_TABLE (FOOD_NAME,KCAL) values ('어묵',35);
Insert into HEALTHNER.NUTRITION_TABLE (FOOD_NAME,KCAL) values ('어묵국',53);
Insert into HEALTHNER.NUTRITION_TABLE (FOOD_NAME,KCAL) values ('어묵볶음',88.7);
Insert into HEALTHNER.NUTRITION_TABLE (FOOD_NAME,KCAL) values ('어패류액젓(멸치액젓)',1);
Insert into HEALTHNER.NUTRITION_TABLE (FOOD_NAME,KCAL) values ('어패류액젓(어란젓)',12);
Insert into HEALTHNER.NUTRITION_TABLE (FOOD_NAME,KCAL) values ('어패류액젓(창란젓)',12);
Insert into HEALTHNER.NUTRITION_TABLE (FOOD_NAME,KCAL) values ('연근',17);
Insert into HEALTHNER.NUTRITION_TABLE (FOOD_NAME,KCAL) values ('연근조림',24);
Insert into HEALTHNER.NUTRITION_TABLE (FOOD_NAME,KCAL) values ('연두부',45);
Insert into HEALTHNER.NUTRITION_TABLE (FOOD_NAME,KCAL) values ('연두부찌개',88.2);
Insert into HEALTHNER.NUTRITION_TABLE (FOOD_NAME,KCAL) values ('연어(훈제)',34);
Insert into HEALTHNER.NUTRITION_TABLE (FOOD_NAME,KCAL) values ('열무',6);
Insert into HEALTHNER.NUTRITION_TABLE (FOOD_NAME,KCAL) values ('엿',127);
Insert into HEALTHNER.NUTRITION_TABLE (FOOD_NAME,KCAL) values ('오곡밥',334.1);
Insert into HEALTHNER.NUTRITION_TABLE (FOOD_NAME,KCAL) values ('오렌지',86);
Insert into HEALTHNER.NUTRITION_TABLE (FOOD_NAME,KCAL) values ('오렌지주스',84);
Insert into HEALTHNER.NUTRITION_TABLE (FOOD_NAME,KCAL) values ('오리고기',525);
Insert into HEALTHNER.NUTRITION_TABLE (FOOD_NAME,KCAL) values ('오리고기로스',508.1);
Insert into HEALTHNER.NUTRITION_TABLE (FOOD_NAME,KCAL) values ('오므라이스',519.4);
Insert into HEALTHNER.NUTRITION_TABLE (FOOD_NAME,KCAL) values ('오이',4);
Insert into HEALTHNER.NUTRITION_TABLE (FOOD_NAME,KCAL) values ('오이생채',7.1);
Insert into HEALTHNER.NUTRITION_TABLE (FOOD_NAME,KCAL) values ('오이생채(가정식)',6.5);
Insert into HEALTHNER.NUTRITION_TABLE (FOOD_NAME,KCAL) values ('오이생채(단체급식)',12);
Insert into HEALTHNER.NUTRITION_TABLE (FOOD_NAME,KCAL) values ('오이지',1);
Insert into HEALTHNER.NUTRITION_TABLE (FOOD_NAME,KCAL) values ('오이지무침',7.1);
Insert into HEALTHNER.NUTRITION_TABLE (FOOD_NAME,KCAL) values ('오이피클',33.7);
Insert into HEALTHNER.NUTRITION_TABLE (FOOD_NAME,KCAL) values ('오징어',33);
Insert into HEALTHNER.NUTRITION_TABLE (FOOD_NAME,KCAL) values ('오징어(말린것)',53);
Insert into HEALTHNER.NUTRITION_TABLE (FOOD_NAME,KCAL) values ('오징어국',62);
Insert into HEALTHNER.NUTRITION_TABLE (FOOD_NAME,KCAL) values ('오징어덮밥',455.6);
Insert into HEALTHNER.NUTRITION_TABLE (FOOD_NAME,KCAL) values ('오징어무침',40);
Insert into HEALTHNER.NUTRITION_TABLE (FOOD_NAME,KCAL) values ('오징어볶음',95);
Insert into HEALTHNER.NUTRITION_TABLE (FOOD_NAME,KCAL) values ('오징어젓무침',15.4);
Insert into HEALTHNER.NUTRITION_TABLE (FOOD_NAME,KCAL) values ('오징어찌개',38);
Insert into HEALTHNER.NUTRITION_TABLE (FOOD_NAME,KCAL) values ('오징어채무침',98.3);
Insert into HEALTHNER.NUTRITION_TABLE (FOOD_NAME,KCAL) values ('오징어채볶음',108);
Insert into HEALTHNER.NUTRITION_TABLE (FOOD_NAME,KCAL) values ('오징어튀김',46);
Insert into HEALTHNER.NUTRITION_TABLE (FOOD_NAME,KCAL) values ('오징어포조림',31);
Insert into HEALTHNER.NUTRITION_TABLE (FOOD_NAME,KCAL) values ('옥수수기름',35);
Insert into HEALTHNER.NUTRITION_TABLE (FOOD_NAME,KCAL) values ('옥수수통조림',10);
Insert into HEALTHNER.NUTRITION_TABLE (FOOD_NAME,KCAL) values ('옥수수튀밥',90);
Insert into HEALTHNER.NUTRITION_TABLE (FOOD_NAME,KCAL) values ('올리브',4);
Insert into HEALTHNER.NUTRITION_TABLE (FOOD_NAME,KCAL) values ('올리브유',37);
Insert into HEALTHNER.NUTRITION_TABLE (FOOD_NAME,KCAL) values ('완두콩',8);
Insert into HEALTHNER.NUTRITION_TABLE (FOOD_NAME,KCAL) values ('완자전',84);
Insert into HEALTHNER.NUTRITION_TABLE (FOOD_NAME,KCAL) values ('요구르트(액상)',98);
Insert into HEALTHNER.NUTRITION_TABLE (FOOD_NAME,KCAL) values ('요구르트(호상, 딸기)',109);
Insert into HEALTHNER.NUTRITION_TABLE (FOOD_NAME,KCAL) values ('요구르트음료',55);
Insert into HEALTHNER.NUTRITION_TABLE (FOOD_NAME,KCAL) values ('우거지국',30);
Insert into HEALTHNER.NUTRITION_TABLE (FOOD_NAME,KCAL) values ('우동',370);
Insert into HEALTHNER.NUTRITION_TABLE (FOOD_NAME,KCAL) values ('우동국수(생면)',177);
Insert into HEALTHNER.NUTRITION_TABLE (FOOD_NAME,KCAL) values ('우스터소스',4);
Insert into HEALTHNER.NUTRITION_TABLE (FOOD_NAME,KCAL) values ('우엉',10);
Insert into HEALTHNER.NUTRITION_TABLE (FOOD_NAME,KCAL) values ('우엉조림',44);
Insert into HEALTHNER.NUTRITION_TABLE (FOOD_NAME,KCAL) values ('우유',120);
Insert into HEALTHNER.NUTRITION_TABLE (FOOD_NAME,KCAL) values ('유부',48);
Insert into HEALTHNER.NUTRITION_TABLE (FOOD_NAME,KCAL) values ('유부초밥',463.4);
Insert into HEALTHNER.NUTRITION_TABLE (FOOD_NAME,KCAL) values ('유자차(분말)',25);
Insert into HEALTHNER.NUTRITION_TABLE (FOOD_NAME,KCAL) values ('육개장',86);
Insert into HEALTHNER.NUTRITION_TABLE (FOOD_NAME,KCAL) values ('율무차(분말)',60);
Insert into HEALTHNER.NUTRITION_TABLE (FOOD_NAME,KCAL) values ('은행',9);
Insert into HEALTHNER.NUTRITION_TABLE (FOOD_NAME,KCAL) values ('이온스포츠음료',63);
Insert into HEALTHNER.NUTRITION_TABLE (FOOD_NAME,KCAL) values ('인삼차(과립)',28);
Insert into HEALTHNER.NUTRITION_TABLE (FOOD_NAME,KCAL) values ('인절미',109);
Insert into HEALTHNER.NUTRITION_TABLE (FOOD_NAME,KCAL) values ('임연수구이',102);
Insert into HEALTHNER.NUTRITION_TABLE (FOOD_NAME,KCAL) values ('임연수어',83);
Insert into HEALTHNER.NUTRITION_TABLE (FOOD_NAME,KCAL) values ('자장면',794);
Insert into HEALTHNER.NUTRITION_TABLE (FOOD_NAME,KCAL) values ('자장소스',33);
Insert into HEALTHNER.NUTRITION_TABLE (FOOD_NAME,KCAL) values ('잔멸치볶음',16);
Insert into HEALTHNER.NUTRITION_TABLE (FOOD_NAME,KCAL) values ('잔치국수',638);
Insert into HEALTHNER.NUTRITION_TABLE (FOOD_NAME,KCAL) values ('잡채',189.4);
Insert into HEALTHNER.NUTRITION_TABLE (FOOD_NAME,KCAL) values ('잡채밥',447.4);
Insert into HEALTHNER.NUTRITION_TABLE (FOOD_NAME,KCAL) values ('잣',20);
Insert into HEALTHNER.NUTRITION_TABLE (FOOD_NAME,KCAL) values ('장어(갯장어)',156);
Insert into HEALTHNER.NUTRITION_TABLE (FOOD_NAME,KCAL) values ('장어양념구이',220);
Insert into HEALTHNER.NUTRITION_TABLE (FOOD_NAME,KCAL) values ('장조림',45);
Insert into HEALTHNER.NUTRITION_TABLE (FOOD_NAME,KCAL) values ('재첩(재치조개,갱조개)',33);
Insert into HEALTHNER.NUTRITION_TABLE (FOOD_NAME,KCAL) values ('적포도주',84);
Insert into HEALTHNER.NUTRITION_TABLE (FOOD_NAME,KCAL) values ('전복',9);
Insert into HEALTHNER.NUTRITION_TABLE (FOOD_NAME,KCAL) values ('전복죽',184.6);
Insert into HEALTHNER.NUTRITION_TABLE (FOOD_NAME,KCAL) values ('전분',17);
Insert into HEALTHNER.NUTRITION_TABLE (FOOD_NAME,KCAL) values ('절편',110);
Insert into HEALTHNER.NUTRITION_TABLE (FOOD_NAME,KCAL) values ('제육(돼지고기)',124);
Insert into HEALTHNER.NUTRITION_TABLE (FOOD_NAME,KCAL) values ('조개국',28);
Insert into HEALTHNER.NUTRITION_TABLE (FOOD_NAME,KCAL) values ('조기',42);
Insert into HEALTHNER.NUTRITION_TABLE (FOOD_NAME,KCAL) values ('조기구이',112);
Insert into HEALTHNER.NUTRITION_TABLE (FOOD_NAME,KCAL) values ('조기매운탕',80.1);
Insert into HEALTHNER.NUTRITION_TABLE (FOOD_NAME,KCAL) values ('조기찜',73);
Insert into HEALTHNER.NUTRITION_TABLE (FOOD_NAME,KCAL) values ('조기튀김',73.4);
Insert into HEALTHNER.NUTRITION_TABLE (FOOD_NAME,KCAL) values ('조미분',2);
Insert into HEALTHNER.NUTRITION_TABLE (FOOD_NAME,KCAL) values ('조미소',2);
Insert into HEALTHNER.NUTRITION_TABLE (FOOD_NAME,KCAL) values ('족발',165);
Insert into HEALTHNER.NUTRITION_TABLE (FOOD_NAME,KCAL) values ('주꾸미',23);
Insert into HEALTHNER.NUTRITION_TABLE (FOOD_NAME,KCAL) values ('죽순',3);
Insert into HEALTHNER.NUTRITION_TABLE (FOOD_NAME,KCAL) values ('중국국수(생면)',393);
Insert into HEALTHNER.NUTRITION_TABLE (FOOD_NAME,KCAL) values ('쥐치(말린것)',50);
Insert into HEALTHNER.NUTRITION_TABLE (FOOD_NAME,KCAL) values ('짬뽕',555);
Insert into HEALTHNER.NUTRITION_TABLE (FOOD_NAME,KCAL) values ('쫄면',580.3);
Insert into HEALTHNER.NUTRITION_TABLE (FOOD_NAME,KCAL) values ('차조',23);
Insert into HEALTHNER.NUTRITION_TABLE (FOOD_NAME,KCAL) values ('차조밥',383.9);
Insert into HEALTHNER.NUTRITION_TABLE (FOOD_NAME,KCAL) values ('찰밥',387.9);
Insert into HEALTHNER.NUTRITION_TABLE (FOOD_NAME,KCAL) values ('찰옥수수',126);
Insert into HEALTHNER.NUTRITION_TABLE (FOOD_NAME,KCAL) values ('참기름',35);
Insert into HEALTHNER.NUTRITION_TABLE (FOOD_NAME,KCAL) values ('참나물',42.1);
Insert into HEALTHNER.NUTRITION_TABLE (FOOD_NAME,KCAL) values ('칼국수',425);
Insert into HEALTHNER.NUTRITION_TABLE (FOOD_NAME,KCAL) values ('칼국수(반건)',226);
Insert into HEALTHNER.NUTRITION_TABLE (FOOD_NAME,KCAL) values ('캔커피',20);
Insert into HEALTHNER.NUTRITION_TABLE (FOOD_NAME,KCAL) values ('커피(분말크림)',29);
Insert into HEALTHNER.NUTRITION_TABLE (FOOD_NAME,KCAL) values ('커피(설탕)',19);
Insert into HEALTHNER.NUTRITION_TABLE (FOOD_NAME,KCAL) values ('커피(설탕,분말크림)',40);
Insert into HEALTHNER.NUTRITION_TABLE (FOOD_NAME,KCAL) values ('커피(원두,블랙)',6);
Insert into HEALTHNER.NUTRITION_TABLE (FOOD_NAME,KCAL) values ('커피믹스',54);
Insert into HEALTHNER.NUTRITION_TABLE (FOOD_NAME,KCAL) values ('커피분말',7);
Insert into HEALTHNER.NUTRITION_TABLE (FOOD_NAME,KCAL) values ('커피프림',33);
Insert into HEALTHNER.NUTRITION_TABLE (FOOD_NAME,KCAL) values ('케이크(생크림)',317);
Insert into HEALTHNER.NUTRITION_TABLE (FOOD_NAME,KCAL) values ('케이크(초코릿)',437);
Insert into HEALTHNER.NUTRITION_TABLE (FOOD_NAME,KCAL) values ('케이크(파운드)',343);
Insert into HEALTHNER.NUTRITION_TABLE (FOOD_NAME,KCAL) values ('콜라',100);
Insert into HEALTHNER.NUTRITION_TABLE (FOOD_NAME,KCAL) values ('콩국수',738);
Insert into HEALTHNER.NUTRITION_TABLE (FOOD_NAME,KCAL) values ('콩기름',35);
Insert into HEALTHNER.NUTRITION_TABLE (FOOD_NAME,KCAL) values ('콩나물',25);
Insert into HEALTHNER.NUTRITION_TABLE (FOOD_NAME,KCAL) values ('팽이버섯',3);
Insert into HEALTHNER.NUTRITION_TABLE (FOOD_NAME,KCAL) values ('포도',39);
Insert into HEALTHNER.NUTRITION_TABLE (FOOD_NAME,KCAL) values ('포도,건포도',11);
Insert into HEALTHNER.NUTRITION_TABLE (FOOD_NAME,KCAL) values ('포도주스',110);
Insert into HEALTHNER.NUTRITION_TABLE (FOOD_NAME,KCAL) values ('표고버섯',3);
Insert into HEALTHNER.NUTRITION_TABLE (FOOD_NAME,KCAL) values ('표고버섯(말린것)',8);
Insert into HEALTHNER.NUTRITION_TABLE (FOOD_NAME,KCAL) values ('풋고추',2);
Insert into HEALTHNER.NUTRITION_TABLE (FOOD_NAME,KCAL) values ('풋고추조림',11);
Insert into HEALTHNER.NUTRITION_TABLE (FOOD_NAME,KCAL) values ('풋마늘',4);
Insert into HEALTHNER.NUTRITION_TABLE (FOOD_NAME,KCAL) values ('피망',1);
Insert into HEALTHNER.NUTRITION_TABLE (FOOD_NAME,KCAL) values ('피자',390);
Insert into HEALTHNER.NUTRITION_TABLE (FOOD_NAME,KCAL) values ('함박스테이크',103.3);
Insert into HEALTHNER.NUTRITION_TABLE (FOOD_NAME,KCAL) values ('핫도그',124);
Insert into HEALTHNER.NUTRITION_TABLE (FOOD_NAME,KCAL) values ('해물탕',86.3);
Insert into HEALTHNER.NUTRITION_TABLE (FOOD_NAME,KCAL) values ('해삼',5);
Insert into HEALTHNER.NUTRITION_TABLE (FOOD_NAME,KCAL) values ('해파리',7);
Insert into HEALTHNER.NUTRITION_TABLE (FOOD_NAME,KCAL) values ('햄버거',344);
Insert into HEALTHNER.NUTRITION_TABLE (FOOD_NAME,KCAL) values ('현미',42);
Insert into HEALTHNER.NUTRITION_TABLE (FOOD_NAME,KCAL) values ('현미밥',389.3);
Insert into HEALTHNER.NUTRITION_TABLE (FOOD_NAME,KCAL) values ('호두',98);
Insert into HEALTHNER.NUTRITION_TABLE (FOOD_NAME,KCAL) values ('호박(애호박)',8);
Insert into HEALTHNER.NUTRITION_TABLE (FOOD_NAME,KCAL) values ('호박나물',32);
Insert into HEALTHNER.NUTRITION_TABLE (FOOD_NAME,KCAL) values ('호박전',76);
Insert into HEALTHNER.NUTRITION_TABLE (FOOD_NAME,KCAL) values ('호박죽',243.6);
Insert into HEALTHNER.NUTRITION_TABLE (FOOD_NAME,KCAL) values ('호빵',229);
Insert into HEALTHNER.NUTRITION_TABLE (FOOD_NAME,KCAL) values ('홍어',26);
Insert into HEALTHNER.NUTRITION_TABLE (FOOD_NAME,KCAL) values ('홍어회무침',44.4);
Insert into HEALTHNER.NUTRITION_TABLE (FOOD_NAME,KCAL) values ('홍차',72);
Insert into HEALTHNER.NUTRITION_TABLE (FOOD_NAME,KCAL) values ('참외',25);
Insert into HEALTHNER.NUTRITION_TABLE (FOOD_NAME,KCAL) values ('참치찌개',83);
Insert into HEALTHNER.NUTRITION_TABLE (FOOD_NAME,KCAL) values ('찹쌀',56);
Insert into HEALTHNER.NUTRITION_TABLE (FOOD_NAME,KCAL) values ('찹쌀떡',165);
Insert into HEALTHNER.NUTRITION_TABLE (FOOD_NAME,KCAL) values ('청국장',31);
Insert into HEALTHNER.NUTRITION_TABLE (FOOD_NAME,KCAL) values ('청국장찌개',79);
Insert into HEALTHNER.NUTRITION_TABLE (FOOD_NAME,KCAL) values ('청주',48);
Insert into HEALTHNER.NUTRITION_TABLE (FOOD_NAME,KCAL) values ('청포묵무침',33.4);
Insert into HEALTHNER.NUTRITION_TABLE (FOOD_NAME,KCAL) values ('초고추장',30);
Insert into HEALTHNER.NUTRITION_TABLE (FOOD_NAME,KCAL) values ('초코바',248);
Insert into HEALTHNER.NUTRITION_TABLE (FOOD_NAME,KCAL) values ('초코파이',153);
Insert into HEALTHNER.NUTRITION_TABLE (FOOD_NAME,KCAL) values ('초콜릿',98);
Insert into HEALTHNER.NUTRITION_TABLE (FOOD_NAME,KCAL) values ('추어탕',94.1);
Insert into HEALTHNER.NUTRITION_TABLE (FOOD_NAME,KCAL) values ('취나물',14);
Insert into HEALTHNER.NUTRITION_TABLE (FOOD_NAME,KCAL) values ('취나물(말린것)',23);
Insert into HEALTHNER.NUTRITION_TABLE (FOOD_NAME,KCAL) values ('치즈',64);
Insert into HEALTHNER.NUTRITION_TABLE (FOOD_NAME,KCAL) values ('치즈,가공치즈',62);
Insert into HEALTHNER.NUTRITION_TABLE (FOOD_NAME,KCAL) values ('치즈,모짜렐라',32);
Insert into HEALTHNER.NUTRITION_TABLE (FOOD_NAME,KCAL) values ('치커리',1);
Insert into HEALTHNER.NUTRITION_TABLE (FOOD_NAME,KCAL) values ('카라멜',41);
Insert into HEALTHNER.NUTRITION_TABLE (FOOD_NAME,KCAL) values ('카레(분말)',32);
Insert into HEALTHNER.NUTRITION_TABLE (FOOD_NAME,KCAL) values ('카레라이스',433.8);
Insert into HEALTHNER.NUTRITION_TABLE (FOOD_NAME,KCAL) values ('카스테라',162);
Insert into HEALTHNER.NUTRITION_TABLE (FOOD_NAME,KCAL) values ('콩나물국',18.2);
Insert into HEALTHNER.NUTRITION_TABLE (FOOD_NAME,KCAL) values ('콩나물밥',549.3);
Insert into HEALTHNER.NUTRITION_TABLE (FOOD_NAME,KCAL) values ('콩밥',383.3);
Insert into HEALTHNER.NUTRITION_TABLE (FOOD_NAME,KCAL) values ('콩비지',15);
Insert into HEALTHNER.NUTRITION_TABLE (FOOD_NAME,KCAL) values ('콩비지찌개',69);
Insert into HEALTHNER.NUTRITION_TABLE (FOOD_NAME,KCAL) values ('콩조림(콩자반)',38);
Insert into HEALTHNER.NUTRITION_TABLE (FOOD_NAME,KCAL) values ('쿠키',140);
Insert into HEALTHNER.NUTRITION_TABLE (FOOD_NAME,KCAL) values ('크래커',175);
Insert into HEALTHNER.NUTRITION_TABLE (FOOD_NAME,KCAL) values ('크래커(샌드)',172);
Insert into HEALTHNER.NUTRITION_TABLE (FOOD_NAME,KCAL) values ('크로켓',237);
Insert into HEALTHNER.NUTRITION_TABLE (FOOD_NAME,KCAL) values ('크림빵',288);
Insert into HEALTHNER.NUTRITION_TABLE (FOOD_NAME,KCAL) values ('키위',24);
Insert into HEALTHNER.NUTRITION_TABLE (FOOD_NAME,KCAL) values ('탕수육',230);
Insert into HEALTHNER.NUTRITION_TABLE (FOOD_NAME,KCAL) values ('토란',26);
Insert into HEALTHNER.NUTRITION_TABLE (FOOD_NAME,KCAL) values ('토란대(말린것)',45);
Insert into HEALTHNER.NUTRITION_TABLE (FOOD_NAME,KCAL) values ('토마토',14);
Insert into HEALTHNER.NUTRITION_TABLE (FOOD_NAME,KCAL) values ('토마토주스',27);
Insert into HEALTHNER.NUTRITION_TABLE (FOOD_NAME,KCAL) values ('토마토케첩',6);
Insert into HEALTHNER.NUTRITION_TABLE (FOOD_NAME,KCAL) values ('토마토페이스트',16);
Insert into HEALTHNER.NUTRITION_TABLE (FOOD_NAME,KCAL) values ('톳',6);
Insert into HEALTHNER.NUTRITION_TABLE (FOOD_NAME,KCAL) values ('톳나물',32);
Insert into HEALTHNER.NUTRITION_TABLE (FOOD_NAME,KCAL) values ('파',3);
Insert into HEALTHNER.NUTRITION_TABLE (FOOD_NAME,KCAL) values ('파래',3);
Insert into HEALTHNER.NUTRITION_TABLE (FOOD_NAME,KCAL) values ('파래무침',43);
Insert into HEALTHNER.NUTRITION_TABLE (FOOD_NAME,KCAL) values ('파무침',50);
Insert into HEALTHNER.NUTRITION_TABLE (FOOD_NAME,KCAL) values ('파인애플',10);
Insert into HEALTHNER.NUTRITION_TABLE (FOOD_NAME,KCAL) values ('파전',109.2);
Insert into HEALTHNER.NUTRITION_TABLE (FOOD_NAME,KCAL) values ('팝콘',50);
Insert into HEALTHNER.NUTRITION_TABLE (FOOD_NAME,KCAL) values ('팥',34);
Insert into HEALTHNER.NUTRITION_TABLE (FOOD_NAME,KCAL) values ('팥밥',344.9);
Insert into HEALTHNER.NUTRITION_TABLE (FOOD_NAME,KCAL) values ('팥시루떡',195);
Insert into HEALTHNER.NUTRITION_TABLE (FOOD_NAME,KCAL) values ('팥죽',247.5);
Insert into HEALTHNER.NUTRITION_TABLE (FOOD_NAME,KCAL) values ('홍차음료',64);
Insert into HEALTHNER.NUTRITION_TABLE (FOOD_NAME,KCAL) values ('홍합',14);
Insert into HEALTHNER.NUTRITION_TABLE (FOOD_NAME,KCAL) values ('홍합미역국',28);
Insert into HEALTHNER.NUTRITION_TABLE (FOOD_NAME,KCAL) values ('회덮밥',696.5);
Insert into HEALTHNER.NUTRITION_TABLE (FOOD_NAME,KCAL) values ('효모',0);
Insert into HEALTHNER.NUTRITION_TABLE (FOOD_NAME,KCAL) values ('후렌치후라이',367);
Insert into HEALTHNER.NUTRITION_TABLE (FOOD_NAME,KCAL) values ('후르츠샐러드(칵테일)',29);
Insert into HEALTHNER.NUTRITION_TABLE (FOOD_NAME,KCAL) values ('후추',3);
Insert into HEALTHNER.NUTRITION_TABLE (FOOD_NAME,KCAL) values ('흑미밥',387.2);
REM INSERTING into HEALTHNER.PRODUCT
SET DEFINE OFF;
Insert into HEALTHNER.PRODUCT (PNO,PNAME,PCONTENT,PRICE,STOCK,CATEGORY,CATEGORY2,CATEGORY3,THUMBNAIL) values (24,'헬스보충제/근육증가/체중증가/프로틴/단백질탄수화물','<p><img alt="" src="/resources/upload/2018f92a-9682-4458-9b5f-489049dcf01f_1746fbd556.jpg" style="height:600px; width:600px" /></p>
',50000,15,2,2,1,'1746fbd556_1594263625805.jpg');
Insert into HEALTHNER.PRODUCT (PNO,PNAME,PCONTENT,PRICE,STOCK,CATEGORY,CATEGORY2,CATEGORY3,THUMBNAIL) values (26,'CYBACK헬스자전거복근허리윗몸일으키기보조운동기구','<p><img alt="" src="/resources/upload/703c8330-81bd-4837-8c06-26de104d980d_INFO1.jpg" style="height:953px; width:860px" /></p>
',120000,20,1,1,1,'13d6c85d16_1594263680876.jpg');
Insert into HEALTHNER.PRODUCT (PNO,PNAME,PCONTENT,PRICE,STOCK,CATEGORY,CATEGORY2,CATEGORY3,THUMBNAIL) values (22,'트위스트 스텝퍼 ST-7 유산소운동기구 재활운동','<p><img alt="" src="/resources/upload/edcf58db-c10d-41ab-8be0-4d75b4dbe52b_intro_talk_NEW1 (2).jpg" style="height:6866px; width:800px" /></p>
',50000,20,1,1,1,'19ae0e1ba6_1594263551344.jpg');
Insert into HEALTHNER.PRODUCT (PNO,PNAME,PCONTENT,PRICE,STOCK,CATEGORY,CATEGORY2,CATEGORY3,THUMBNAIL) values (28,'리복운동장갑 헬스글러브 피트니스 웨이트 트레이닝','<p><img alt="" src="/resources/upload/a98c1210-9925-4248-bb84-25521d90c97f_1d1a484066.jpg" style="height:600px; width:600px" /></p>
',20000,50,1,3,1,'1d1a484066_1594263726410.jpg');
Insert into HEALTHNER.PRODUCT (PNO,PNAME,PCONTENT,PRICE,STOCK,CATEGORY,CATEGORY2,CATEGORY3,THUMBNAIL) values (42,'[Iwanna]네오프렌 컬러 아령','<p><img alt="" src="/resources/upload/f86e8a8e-9431-4439-aca3-d1329e776539_231846.jpg" style="height:5639px; width:800px" /></p>
',2100,79,1,1,1,'K08972534_1594603123820.jpg');
Insert into HEALTHNER.PRODUCT (PNO,PNAME,PCONTENT,PRICE,STOCK,CATEGORY,CATEGORY2,CATEGORY3,THUMBNAIL) values (44,'자코스킬 남성용 기능성 나그랑 긴팔 언더레이어 JACO-6111','<p><img alt="" src="/resources/upload/e94c4613-7c49-4095-9dd9-a988ec64256b_75535d55-5772-4ed1-bead-1bd6d0c4494f.jpg" style="height:880px; width:780px" /><img alt="" src="/resources/upload/1f6dbac4-7bf0-4a25-84ff-26c00f33f937_f3c4eb5e-7d33-46d5-ab55-707510253bb9.jpg" style="height:2500px; width:780px" /></p>
',12000,30,1,3,2,'4cd040ae-7e0a-4abf-90e2-5c1d48fce6ba_1594604112744.jpg');
Insert into HEALTHNER.PRODUCT (PNO,PNAME,PCONTENT,PRICE,STOCK,CATEGORY,CATEGORY2,CATEGORY3,THUMBNAIL) values (47,'kirahosi 여성 요가복 헬스복 필라테스복 퀵드라이 운동복 세트','<p><img alt="" src="/resources/upload/1da8d9cc-03cb-4925-bedf-b6e652edf198_7b6fd5a5085e7b8fe5df7f80d9e39de76c410051ee5f5af621944f71af91.jpg" style="height:4936px; width:780px" /></p>
',32000,20,1,3,3,'2bade2488980a906f0c0c8ce0934398f04f0fdaff1291b988aab475ca210_1594604245360.jpg');
Insert into HEALTHNER.PRODUCT (PNO,PNAME,PCONTENT,PRICE,STOCK,CATEGORY,CATEGORY2,CATEGORY3,THUMBNAIL) values (49,'핏예쁜 요가복 여성 헬스복 3종세트 운동복SY2126','<p><img alt="" src="/resources/upload/ce46bd6e-35b5-4950-b1a7-8139628d427e_e80c15c1c24b08c37079c7ac987daa76152646997f77d5c902e9a408831b.png" style="height:641px; width:779px" /><img alt="" src="/resources/upload/33e609d7-393b-4381-9232-7b434ba838e0_52f7657477a5034a5e5202c502d15f09776c231fb944c13ebdc4a52a8dc8.jpg" style="height:1131px; width:780px" /><img alt="" src="/resources/upload/afafcecb-d371-4ecb-909b-5837eb2bb455_0219ce5e7b77e24dbc1bc7e8ad6f2dbb7b339bbdf835e96f27961ee76236.jpg" style="height:1153px; width:780px" /><img alt="" src="/resources/upload/84814b85-cdb2-402d-9043-af479db1fb24_427a8c6f5f247bac94a496632728e6050779792e1fa629fc59e81c283eed.jpg" style="height:800px; width:780px" /></p>
',44000,20,1,3,3,'52bdc6771cea2ee65958a0e3e7c0df395b245a065d36a0e8c2f0e398e756_1594604440495.jpg');
Insert into HEALTHNER.PRODUCT (PNO,PNAME,PCONTENT,PRICE,STOCK,CATEGORY,CATEGORY2,CATEGORY3,THUMBNAIL) values (51,'남성 에어핏 퍼포먼스 트레이닝 팬츠','<p><img alt="" src="/resources/upload/14c75fbe-8738-40de-a3a1-b32a8d4a72ea_AP-202.jpg" style="height:12749px; width:860px" /></p>
',20000,30,1,3,2,'1000040994250_i1_1200_1594604720985.jpg');
Insert into HEALTHNER.PRODUCT (PNO,PNAME,PCONTENT,PRICE,STOCK,CATEGORY,CATEGORY2,CATEGORY3,THUMBNAIL) values (53,'닥터유 단백질바 한입쏙','<p><img alt="" src="/resources/upload/5b21f4a5-2218-4b13-847d-79d05d367c3b_24c5f622-8da1-456c-b4ba-847c7be2f43c.jpg" style="height:8764px; width:3251px" /></p>
',12000,85,1,2,1,'f3327bfe-edfa-4eff-8236-7565dbb347b8 (1)_1594604834056.jpg');
Insert into HEALTHNER.PRODUCT (PNO,PNAME,PCONTENT,PRICE,STOCK,CATEGORY,CATEGORY2,CATEGORY3,THUMBNAIL) values (55,'뉴트리코스트 대용량 헬스보충제 무맛 L 글루타민','<p><img alt="" src="/resources/upload/e2fba7de-f5ce-416e-b710-3bec0118e00e_502608161183688-e9f276af-1475-4eb1-8595-673b14b7d87a.jpg" style="height:5241px; width:800px" /></p>
',19500,30,1,2,1,'62962426045525-73f5028a-9e26-4ec9-b1bd-ab8f3dd89c7f_1594604932390.jpg');
Insert into HEALTHNER.PRODUCT (PNO,PNAME,PCONTENT,PRICE,STOCK,CATEGORY,CATEGORY2,CATEGORY3,THUMBNAIL) values (57,'프로틴샵 파워 에스 프로틴 여성 단백질 보충제','<p><img alt="" src="/resources/upload/424a0ac4-44b3-4a10-8f85-dbf8b8537377_22957511177173-50dd91f0-2432-4718-8f71-edf1619628a3.jpg" style="height:5063px; width:780px" /></p>
',62000,30,1,2,3,'22950366880773-908c478a-e7cd-49d2-9427-442df7780bc8_1594605032415.jpg');
Insert into HEALTHNER.PRODUCT (PNO,PNAME,PCONTENT,PRICE,STOCK,CATEGORY,CATEGORY2,CATEGORY3,THUMBNAIL) values (59,'헬스빌 에너자임 코어 WPH게이너 단백질보충제','<p><img alt="" src="/resources/upload/99035263-7e88-40d3-8da7-3c95c3a9da37_1f7cff81-e175-4b4b-a596-281a60077416.jpg" style="height:1398px; width:780px" /></p>
',76000,30,1,2,2,'9e8aacbb-8769-4496-b095-804b0a3e26a2_1594605104704.jpg');
Insert into HEALTHNER.PRODUCT (PNO,PNAME,PCONTENT,PRICE,STOCK,CATEGORY,CATEGORY2,CATEGORY3,THUMBNAIL) values (61,'철봉 턱걸이 치닝디핑 풀업 헬스 운동기구 실내 가정','<p><img alt="" src="/resources/upload/11fc2ec4-f22f-4a62-bfc0-74efef00750f_1d6cc91802fc17dc16fb21ff4609a35390aad140a6adf1da02a6ae5d7ad3.jpg" style="height:1344px; width:780px" /><img alt="" src="/resources/upload/ce6cdd92-2d47-4deb-a178-e7da21236646_5c3eb6a6d265c011d43493ec5487caea488b6f5146d367695099dbdf097d.jpg" style="height:1478px; width:780px" /><img alt="" src="/resources/upload/c24eb7a9-55e5-41b3-83be-3ed58b0697d0_9a83a1d4fd31bc84d8b3099b3319d4be1920872eefd387b7edeb10a2f738.jpg" style="height:1672px; width:780px" /></p>

<p>추천합니다</p>
',44000,10,2,1,1,'0ca21437e8d66a2844bc16a9e52b85e7602af51a248f03211370845b4d2e_1594605346213.jpg');
REM INSERTING into HEALTHNER.PROFESSIONAL_CATEGORY
SET DEFINE OFF;
Insert into HEALTHNER.PROFESSIONAL_CATEGORY (CATEGORY_NO,CATEGORY_NAME) values (2,'린매스업');
Insert into HEALTHNER.PROFESSIONAL_CATEGORY (CATEGORY_NO,CATEGORY_NAME) values (4,'다이어트');
Insert into HEALTHNER.PROFESSIONAL_CATEGORY (CATEGORY_NO,CATEGORY_NAME) values (6,'체형교정');
Insert into HEALTHNER.PROFESSIONAL_CATEGORY (CATEGORY_NO,CATEGORY_NAME) values (8,'약점보완');
Insert into HEALTHNER.PROFESSIONAL_CATEGORY (CATEGORY_NO,CATEGORY_NAME) values (10,'대회준비');
Insert into HEALTHNER.PROFESSIONAL_CATEGORY (CATEGORY_NO,CATEGORY_NAME) values (12,'프로필사진');
Insert into HEALTHNER.PROFESSIONAL_CATEGORY (CATEGORY_NO,CATEGORY_NAME) values (14,'재활교정');
Insert into HEALTHNER.PROFESSIONAL_CATEGORY (CATEGORY_NO,CATEGORY_NAME) values (16,'멸치탈출');
Insert into HEALTHNER.PROFESSIONAL_CATEGORY (CATEGORY_NO,CATEGORY_NAME) values (18,'선수준비');
REM INSERTING into HEALTHNER.PURCHASE
SET DEFINE OFF;
Insert into HEALTHNER.PURCHASE (BUY_NO,MEMBER_NO,BUY_DATE,BUY_ADDR,TOTAL_PRICE,DELIVERY_BOOL,INVOICE_NUMBER) values (6,4,'20/07/09','유저 주소 1',120000,1,'6892187845355');
Insert into HEALTHNER.PURCHASE (BUY_NO,MEMBER_NO,BUY_DATE,BUY_ADDR,TOTAL_PRICE,DELIVERY_BOOL,INVOICE_NUMBER) values (8,6,'20/07/09','유저 주소 2',170000,0,null);
Insert into HEALTHNER.PURCHASE (BUY_NO,MEMBER_NO,BUY_DATE,BUY_ADDR,TOTAL_PRICE,DELIVERY_BOOL,INVOICE_NUMBER) values (10,6,'20/07/09','유저 주소 3',140000,1,'6892176648048');
Insert into HEALTHNER.PURCHASE (BUY_NO,MEMBER_NO,BUY_DATE,BUY_ADDR,TOTAL_PRICE,DELIVERY_BOOL,INVOICE_NUMBER) values (22,4,'20/07/14','06372서울 강남구 밤고개로 206수정주소2',2100,1,'6892158279296');
REM INSERTING into HEALTHNER.REPORT
SET DEFINE OFF;
Insert into HEALTHNER.REPORT (WRITE_TYPE,WRITE_NO,REPORTED_NO,MEMBER_NO,REPORT_CAT,REPORT_DETAIL) values (2,8,6,6,4,'신고1');
Insert into HEALTHNER.REPORT (WRITE_TYPE,WRITE_NO,REPORTED_NO,MEMBER_NO,REPORT_CAT,REPORT_DETAIL) values (2,8,6,6,4,'신고1');
Insert into HEALTHNER.REPORT (WRITE_TYPE,WRITE_NO,REPORTED_NO,MEMBER_NO,REPORT_CAT,REPORT_DETAIL) values (2,8,6,22,4,'신고2');
Insert into HEALTHNER.REPORT (WRITE_TYPE,WRITE_NO,REPORTED_NO,MEMBER_NO,REPORT_CAT,REPORT_DETAIL) values (2,8,6,62,4,'신고3');
Insert into HEALTHNER.REPORT (WRITE_TYPE,WRITE_NO,REPORTED_NO,MEMBER_NO,REPORT_CAT,REPORT_DETAIL) values (2,6,6,6,2,'123');
Insert into HEALTHNER.REPORT (WRITE_TYPE,WRITE_NO,REPORTED_NO,MEMBER_NO,REPORT_CAT,REPORT_DETAIL) values (1,2,4,6,2,'신고');
Insert into HEALTHNER.REPORT (WRITE_TYPE,WRITE_NO,REPORTED_NO,MEMBER_NO,REPORT_CAT,REPORT_DETAIL) values (2,6,6,4,10,'ㅂㅈㄷㄳ');
Insert into HEALTHNER.REPORT (WRITE_TYPE,WRITE_NO,REPORTED_NO,MEMBER_NO,REPORT_CAT,REPORT_DETAIL) values (2,6,22,4,10,'대댓글 신고');
Insert into HEALTHNER.REPORT (WRITE_TYPE,WRITE_NO,REPORTED_NO,MEMBER_NO,REPORT_CAT,REPORT_DETAIL) values (2,6,22,4,2,'신고');
Insert into HEALTHNER.REPORT (WRITE_TYPE,WRITE_NO,REPORTED_NO,MEMBER_NO,REPORT_CAT,REPORT_DETAIL) values (1,2,4,6,2,'욕함!');
Insert into HEALTHNER.REPORT (WRITE_TYPE,WRITE_NO,REPORTED_NO,MEMBER_NO,REPORT_CAT,REPORT_DETAIL) values (1,2,4,4,4,'???!');
Insert into HEALTHNER.REPORT (WRITE_TYPE,WRITE_NO,REPORTED_NO,MEMBER_NO,REPORT_CAT,REPORT_DETAIL) values (1,2,4,22,4,'욕함!');
Insert into HEALTHNER.REPORT (WRITE_TYPE,WRITE_NO,REPORTED_NO,MEMBER_NO,REPORT_CAT,REPORT_DETAIL) values (2,2,6,6,2,'what!');
Insert into HEALTHNER.REPORT (WRITE_TYPE,WRITE_NO,REPORTED_NO,MEMBER_NO,REPORT_CAT,REPORT_DETAIL) values (2,4,4,6,6,'test!');
Insert into HEALTHNER.REPORT (WRITE_TYPE,WRITE_NO,REPORTED_NO,MEMBER_NO,REPORT_CAT,REPORT_DETAIL) values (2,6,22,6,4,'dfsdf!');
Insert into HEALTHNER.REPORT (WRITE_TYPE,WRITE_NO,REPORTED_NO,MEMBER_NO,REPORT_CAT,REPORT_DETAIL) values (1,40,22,4,2,'ㅇㅇㅇ');
REM INSERTING into HEALTHNER.REPORT_CAT
SET DEFINE OFF;
Insert into HEALTHNER.REPORT_CAT (REPORT_NO,REPORT_CAT) values (2,'욕설/인신공격');
Insert into HEALTHNER.REPORT_CAT (REPORT_NO,REPORT_CAT) values (4,'도배성글/댓글반복');
Insert into HEALTHNER.REPORT_CAT (REPORT_NO,REPORT_CAT) values (6,'음란성/선정성');
Insert into HEALTHNER.REPORT_CAT (REPORT_NO,REPORT_CAT) values (8,'개인정보노출/사생활침해');
Insert into HEALTHNER.REPORT_CAT (REPORT_NO,REPORT_CAT) values (10,'불법광고/영리목적');
Insert into HEALTHNER.REPORT_CAT (REPORT_NO,REPORT_CAT) values (12,'기타');
REM INSERTING into HEALTHNER.TRAINER
SET DEFINE OFF;
Insert into HEALTHNER.TRAINER (MEMBER_NO,TRAINER_INTRO,CAT_FIRST,CAT_SECOND,CAT_THIRD) values (82,'학력
군산대학교 체육학과 졸업 학사

자격
MES(Medical Exercise Specialist) 운동처방사
생활스포츠지도사 2급 (보디빌딩)
육상경기심판자격 2급
FISAF 국제메디컬트레이너 자격
태권도 2단, 유도 2단
스포츠마사지사 2급
대한적십사 CPR, 응급처지 교육 수료
Stretchbang Semivar 수료(MBT ACADEMY)

경력
前)더스토리짐 PT전문 트레이너
前)이룸헬스짐 트레이너
前)터닝포인트짐 퍼스널트레이너
前)이엠파워 서교점 운동처방사
現)이엠파워 삼성점 운동처방사',2,4,6);
Insert into HEALTHNER.TRAINER (MEMBER_NO,TRAINER_INTRO,CAT_FIRST,CAT_SECOND,CAT_THIRD) values (42,'생활체육지도사 2급 (보디빌딩)
스포츠마사지 2급
척추파운데이션 교육 이수
Personal Training 교육 이수
응급처치 교육이수

2018.03 피트니스스타 내셔널리그 스포츠모델 6위
2019.04 나바 WFF Asia open 스포츠모델 top 10
2019.04 World Natural Chapmionship 스포츠모델 4위
2019.05 PCA 스포츠모델 top 10',6,10,2);
Insert into HEALTHNER.TRAINER (MEMBER_NO,TRAINER_INTRO,CAT_FIRST,CAT_SECOND,CAT_THIRD) values (44,'미국 발란스드바디 국제인증 필라테스 강사 (3D ANATOMY, MAT, REFORMER, CADILAC, CHAIR, BARREL, TOY)
발란스드바디 MOTR 이수
더바디매카닉 산전산후 필라테스, 자세분석 프로그램 이수
리앤리 얼라이언스 척추측만증 교정 운동법 이수',4,12,6);
Insert into HEALTHNER.TRAINER (MEMBER_NO,TRAINER_INTRO,CAT_FIRST,CAT_SECOND,CAT_THIRD) values (84,'케파필라테스자격증
2016~2018 머슬마니아 미즈비키니4위, 스포츠모델3위
GNC전속스포츠모델
크레이지 잡지 모델
현Acub휘트니스실장',6,4,10);
Insert into HEALTHNER.TRAINER (MEMBER_NO,TRAINER_INTRO,CAT_FIRST,CAT_SECOND,CAT_THIRD) values (86,'식품영양학2급
생활체육학2급
18fitnessstar창원 루키1등
18fitnessstar창원 그랑프리2등
19fitnessstar수원 루키1등
19fitnessstar수원그랑프리3등
ifbb리저널 서울 주니어1등
ifbb리저널 서울 오픈2등
ifbb리저널 서울 오픈2등
아마추어 올림피아 오픈2등',16,8,14);
Insert into HEALTHNER.TRAINER (MEMBER_NO,TRAINER_INTRO,CAT_FIRST,CAT_SECOND,CAT_THIRD) values (88,'2018
IFBB proleague Regional Korea Open
Sports Model Top 2
Sports Model Overall Top 3

Muscle and Fitness
Sports Model Top3

S.S.A Korea
Sports Model Top 2

생활체육지도자 보디빌딩 2급',14,12,18);
Insert into HEALTHNER.TRAINER (MEMBER_NO,TRAINER_INTRO,CAT_FIRST,CAT_SECOND,CAT_THIRD) values (90,'-생활체육지도자 3급(보디빌딩)
-태권도2단 (국기원)
-유도 초단(대한유도회)
-스포츠마사지1급 (대한스포츠마사지협회)
-Senior 운동 프로그램 지도자 3 급
-응급 처치법 강사 자격증 CPR (대한적십자사)
-러시아국립체육대학 수료 2러시아 언어능력테스트1급
-한국체육대학교대학원 운동생리학
-매직바디필라테스 수료
-CnB PT 전문회과정 이수',16,8,12);
Insert into HEALTHNER.TRAINER (MEMBER_NO,TRAINER_INTRO,CAT_FIRST,CAT_SECOND,CAT_THIRD) values (92,'물리치료사 국가자격증
국제 필라테스 자격증
체육지도자 2급',8,16,14);
Insert into HEALTHNER.TRAINER (MEMBER_NO,TRAINER_INTRO,CAT_FIRST,CAT_SECOND,CAT_THIRD) values (94,'식품영양학2급
생활체육학2급
18fitnessstar창원 루키1등
18fitnessstar창원 그랑프리2등
19fitnessstar수원 루키1등
19fitnessstar수원그랑프리3등
ifbb리저널 서울 주니어1등
ifbb리저널 서울 오픈2등
ifbb리저널 서울 오픈2등
아마추어 올림피아 오픈2등',6,12,10);
Insert into HEALTHNER.TRAINER (MEMBER_NO,TRAINER_INTRO,CAT_FIRST,CAT_SECOND,CAT_THIRD) values (96,'케파필라테스자격증
2016~2018 머슬마니아 미즈비키니5위, 스포츠모델4위
GNC전속스포츠모델
크레이지 잡지 모델',4,8,16);
Insert into HEALTHNER.TRAINER (MEMBER_NO,TRAINER_INTRO,CAT_FIRST,CAT_SECOND,CAT_THIRD) values (98,'식품영양학2급
생활체육학2급
18fitnessstar창원 루키1등
18fitnessstar창원 그랑프리2등
19fitnessstar수원 루키1등
19fitnessstar수원그랑프리3등
ifbb리저널 서울 주니어1등
ifbb리저널 서울 오픈2등
ifbb리저널 서울 오픈2등
아마추어 올림피아 오픈2등',10,18,2);
Insert into HEALTHNER.TRAINER (MEMBER_NO,TRAINER_INTRO,CAT_FIRST,CAT_SECOND,CAT_THIRD) values (100,'학력
군산대학교 체육학과 졸업 학사

자격
MES(Medical Exercise Specialist) 운동처방사
생활스포츠지도사 2급 (보디빌딩)
육상경기심판자격 2급
FISAF 국제메디컬트레이너 자격
태권도 2단, 유도 2단
스포츠마사지사 2급
대한적십사 CPR, 응급처지 교육 수료
Stretchbang Semivar 수료(MBT ACADEMY)

경력
前)더스토리짐 PT전문 트레이너
前)이룸헬스짐 트레이너
前)터닝포인트짐 퍼스널트레이너
前)이엠파워 서교점 운동처방사
現)이엠파워 삼성점 운동처방사',6,12,14);
Insert into HEALTHNER.TRAINER (MEMBER_NO,TRAINER_INTRO,CAT_FIRST,CAT_SECOND,CAT_THIRD) values (102,'와우 친구들! 빡빡이 아저씨야!',2,16,14);
Insert into HEALTHNER.TRAINER (MEMBER_NO,TRAINER_INTRO,CAT_FIRST,CAT_SECOND,CAT_THIRD) values (104,'2015 SBS 파워 FM 두시탈출 컬투쇼
2016 JTBC2 <연예반장>
2017 MBC 나 혼자 산다 - 성훈 편[4]
2018 MBC 라디오 스타 579회
2018 MBC 복면가왕 86차 경연[5]
2018 tvN <어쩌다 행동과학연구소>
2018. 10. 28. SBS 파워 FM 두시탈출 컬투쇼 <스타와 토킹 어바웃> - 이승윤과 함께
2018 옥수수 드라마 <나는 길에서 연예인을 주웠다> 특별출연
2018 ~ 2019 SBS Plus <걷는 재미에 빠지다! 두발라이프>
2019 EBS 안전캠페인 운동편
2019 SKY 머슬
2019 사장님 귀는 당나귀 귀
2019. 12. 8. 배성재의 텐 연말 특집 신과 함께 코너 中 '' ''운동의 신''과 함께',8,2,4);
--------------------------------------------------------
--  DDL for Index NOTICE_PK
--------------------------------------------------------

  CREATE UNIQUE INDEX "HEALTHNER"."NOTICE_PK" ON "HEALTHNER"."NOTICE" ("NOTICE_NO") 
  PCTFREE 10 INITRANS 2 MAXTRANS 255 
  STORAGE(INITIAL 65536 NEXT 1048576 MINEXTENTS 1 MAXEXTENTS 2147483645
  PCTINCREASE 0 FREELISTS 1 FREELIST GROUPS 1 BUFFER_POOL DEFAULT FLASH_CACHE DEFAULT CELL_FLASH_CACHE DEFAULT)
  TABLESPACE "SYSTEM" ;
--------------------------------------------------------
--  DDL for Index PROFESSIONAL_CATEGORY_PK
--------------------------------------------------------

  CREATE UNIQUE INDEX "HEALTHNER"."PROFESSIONAL_CATEGORY_PK" ON "HEALTHNER"."PROFESSIONAL_CATEGORY" ("CATEGORY_NO") 
  PCTFREE 10 INITRANS 2 MAXTRANS 255 
  STORAGE(INITIAL 65536 NEXT 1048576 MINEXTENTS 1 MAXEXTENTS 2147483645
  PCTINCREASE 0 FREELISTS 1 FREELIST GROUPS 1 BUFFER_POOL DEFAULT FLASH_CACHE DEFAULT CELL_FLASH_CACHE DEFAULT)
  TABLESPACE "SYSTEM" ;
--------------------------------------------------------
--  DDL for Index MEETING_SCHEDULE_PK
--------------------------------------------------------

  CREATE UNIQUE INDEX "HEALTHNER"."MEETING_SCHEDULE_PK" ON "HEALTHNER"."MEETING_SCHEDULE" ("MEETING_SEQ") 
  PCTFREE 10 INITRANS 2 MAXTRANS 255 
  STORAGE(INITIAL 65536 NEXT 1048576 MINEXTENTS 1 MAXEXTENTS 2147483645
  PCTINCREASE 0 FREELISTS 1 FREELIST GROUPS 1 BUFFER_POOL DEFAULT FLASH_CACHE DEFAULT CELL_FLASH_CACHE DEFAULT)
  TABLESPACE "SYSTEM" ;
--------------------------------------------------------
--  DDL for Index BOARD_COMMENT_PK
--------------------------------------------------------

  CREATE UNIQUE INDEX "HEALTHNER"."BOARD_COMMENT_PK" ON "HEALTHNER"."BOARD_COMMENT" ("COMMENT_NO") 
  PCTFREE 10 INITRANS 2 MAXTRANS 255 
  STORAGE(INITIAL 65536 NEXT 1048576 MINEXTENTS 1 MAXEXTENTS 2147483645
  PCTINCREASE 0 FREELISTS 1 FREELIST GROUPS 1 BUFFER_POOL DEFAULT FLASH_CACHE DEFAULT CELL_FLASH_CACHE DEFAULT)
  TABLESPACE "SYSTEM" ;
--------------------------------------------------------
--  DDL for Index PURCHASE_PK
--------------------------------------------------------

  CREATE UNIQUE INDEX "HEALTHNER"."PURCHASE_PK" ON "HEALTHNER"."PURCHASE" ("BUY_NO") 
  PCTFREE 10 INITRANS 2 MAXTRANS 255 
  STORAGE(INITIAL 65536 NEXT 1048576 MINEXTENTS 1 MAXEXTENTS 2147483645
  PCTINCREASE 0 FREELISTS 1 FREELIST GROUPS 1 BUFFER_POOL DEFAULT FLASH_CACHE DEFAULT CELL_FLASH_CACHE DEFAULT)
  TABLESPACE "SYSTEM" ;
--------------------------------------------------------
--  DDL for Index MAIL_PK
--------------------------------------------------------

  CREATE UNIQUE INDEX "HEALTHNER"."MAIL_PK" ON "HEALTHNER"."MAIL" ("MAIL_NO") 
  PCTFREE 10 INITRANS 2 MAXTRANS 255 
  STORAGE(INITIAL 65536 NEXT 1048576 MINEXTENTS 1 MAXEXTENTS 2147483645
  PCTINCREASE 0 FREELISTS 1 FREELIST GROUPS 1 BUFFER_POOL DEFAULT FLASH_CACHE DEFAULT CELL_FLASH_CACHE DEFAULT)
  TABLESPACE "SYSTEM" ;
--------------------------------------------------------
--  DDL for Index LIKE_TABLE_PK
--------------------------------------------------------

  CREATE UNIQUE INDEX "HEALTHNER"."LIKE_TABLE_PK" ON "HEALTHNER"."LIKE_TABLE" ("PNO", "MEMBER_NO") 
  PCTFREE 10 INITRANS 2 MAXTRANS 255 
  STORAGE(INITIAL 65536 NEXT 1048576 MINEXTENTS 1 MAXEXTENTS 2147483645
  PCTINCREASE 0 FREELISTS 1 FREELIST GROUPS 1 BUFFER_POOL DEFAULT FLASH_CACHE DEFAULT CELL_FLASH_CACHE DEFAULT)
  TABLESPACE "SYSTEM" ;
--------------------------------------------------------
--  DDL for Index BAN_LIST_PK
--------------------------------------------------------

  CREATE UNIQUE INDEX "HEALTHNER"."BAN_LIST_PK" ON "HEALTHNER"."BAN_LIST" ("BAN_SEQ") 
  PCTFREE 10 INITRANS 2 MAXTRANS 255 
  STORAGE(INITIAL 65536 NEXT 1048576 MINEXTENTS 1 MAXEXTENTS 2147483645
  PCTINCREASE 0 FREELISTS 1 FREELIST GROUPS 1 BUFFER_POOL DEFAULT FLASH_CACHE DEFAULT CELL_FLASH_CACHE DEFAULT)
  TABLESPACE "SYSTEM" ;
--------------------------------------------------------
--  DDL for Index NUTRITION_TABLE_PK
--------------------------------------------------------

  CREATE UNIQUE INDEX "HEALTHNER"."NUTRITION_TABLE_PK" ON "HEALTHNER"."NUTRITION_TABLE" ("FOOD_NAME", "KCAL") 
  PCTFREE 10 INITRANS 2 MAXTRANS 255 
  STORAGE(INITIAL 65536 NEXT 1048576 MINEXTENTS 1 MAXEXTENTS 2147483645
  PCTINCREASE 0 FREELISTS 1 FREELIST GROUPS 1 BUFFER_POOL DEFAULT FLASH_CACHE DEFAULT CELL_FLASH_CACHE DEFAULT)
  TABLESPACE "SYSTEM" ;
--------------------------------------------------------
--  DDL for Index REPORT_CAT_PK
--------------------------------------------------------

  CREATE UNIQUE INDEX "HEALTHNER"."REPORT_CAT_PK" ON "HEALTHNER"."REPORT_CAT" ("REPORT_NO") 
  PCTFREE 10 INITRANS 2 MAXTRANS 255 
  STORAGE(INITIAL 65536 NEXT 1048576 MINEXTENTS 1 MAXEXTENTS 2147483645
  PCTINCREASE 0 FREELISTS 1 FREELIST GROUPS 1 BUFFER_POOL DEFAULT FLASH_CACHE DEFAULT CELL_FLASH_CACHE DEFAULT)
  TABLESPACE "SYSTEM" ;
--------------------------------------------------------
--  DDL for Index PRODUCT_PK
--------------------------------------------------------

  CREATE UNIQUE INDEX "HEALTHNER"."PRODUCT_PK" ON "HEALTHNER"."PRODUCT" ("PNO") 
  PCTFREE 10 INITRANS 2 MAXTRANS 255 
  STORAGE(INITIAL 65536 NEXT 1048576 MINEXTENTS 1 MAXEXTENTS 2147483645
  PCTINCREASE 0 FREELISTS 1 FREELIST GROUPS 1 BUFFER_POOL DEFAULT FLASH_CACHE DEFAULT CELL_FLASH_CACHE DEFAULT)
  TABLESPACE "SYSTEM" ;
--------------------------------------------------------
--  DDL for Index TRAINER_PK
--------------------------------------------------------

  CREATE UNIQUE INDEX "HEALTHNER"."TRAINER_PK" ON "HEALTHNER"."TRAINER" ("MEMBER_NO") 
  PCTFREE 10 INITRANS 2 MAXTRANS 255 
  STORAGE(INITIAL 65536 NEXT 1048576 MINEXTENTS 1 MAXEXTENTS 2147483645
  PCTINCREASE 0 FREELISTS 1 FREELIST GROUPS 1 BUFFER_POOL DEFAULT FLASH_CACHE DEFAULT CELL_FLASH_CACHE DEFAULT)
  TABLESPACE "SYSTEM" ;
--------------------------------------------------------
--  DDL for Index BMI_PK
--------------------------------------------------------

  CREATE UNIQUE INDEX "HEALTHNER"."BMI_PK" ON "HEALTHNER"."BMI" ("INBODY_NO") 
  PCTFREE 10 INITRANS 2 MAXTRANS 255 
  STORAGE(INITIAL 65536 NEXT 1048576 MINEXTENTS 1 MAXEXTENTS 2147483645
  PCTINCREASE 0 FREELISTS 1 FREELIST GROUPS 1 BUFFER_POOL DEFAULT FLASH_CACHE DEFAULT CELL_FLASH_CACHE DEFAULT)
  TABLESPACE "SYSTEM" ;
--------------------------------------------------------
--  DDL for Index BOARD_PK
--------------------------------------------------------

  CREATE UNIQUE INDEX "HEALTHNER"."BOARD_PK" ON "HEALTHNER"."BOARD" ("BOARD_NO") 
  PCTFREE 10 INITRANS 2 MAXTRANS 255 
  STORAGE(INITIAL 65536 NEXT 1048576 MINEXTENTS 1 MAXEXTENTS 2147483645
  PCTINCREASE 0 FREELISTS 1 FREELIST GROUPS 1 BUFFER_POOL DEFAULT FLASH_CACHE DEFAULT CELL_FLASH_CACHE DEFAULT)
  TABLESPACE "SYSTEM" ;
--------------------------------------------------------
--  DDL for Index MENU_COMMENT_PK
--------------------------------------------------------

  CREATE UNIQUE INDEX "HEALTHNER"."MENU_COMMENT_PK" ON "HEALTHNER"."MENU_COMMENT" ("CMT_NO") 
  PCTFREE 10 INITRANS 2 MAXTRANS 255 
  STORAGE(INITIAL 65536 NEXT 1048576 MINEXTENTS 1 MAXEXTENTS 2147483645
  PCTINCREASE 0 FREELISTS 1 FREELIST GROUPS 1 BUFFER_POOL DEFAULT FLASH_CACHE DEFAULT CELL_FLASH_CACHE DEFAULT)
  TABLESPACE "SYSTEM" ;
--------------------------------------------------------
--  DDL for Index MEMBER_MAPPING_PK
--------------------------------------------------------

  CREATE UNIQUE INDEX "HEALTHNER"."MEMBER_MAPPING_PK" ON "HEALTHNER"."MEMBER_MAPPING" ("MAPPING_SEQ") 
  PCTFREE 10 INITRANS 2 MAXTRANS 255 
  STORAGE(INITIAL 65536 NEXT 1048576 MINEXTENTS 1 MAXEXTENTS 2147483645
  PCTINCREASE 0 FREELISTS 1 FREELIST GROUPS 1 BUFFER_POOL DEFAULT FLASH_CACHE DEFAULT CELL_FLASH_CACHE DEFAULT)
  TABLESPACE "SYSTEM" ;
--------------------------------------------------------
--  DDL for Index EAT_LOG_PK
--------------------------------------------------------

  CREATE UNIQUE INDEX "HEALTHNER"."EAT_LOG_PK" ON "HEALTHNER"."EAT_LOG" ("MENU_NO") 
  PCTFREE 10 INITRANS 2 MAXTRANS 255 
  STORAGE(INITIAL 65536 NEXT 1048576 MINEXTENTS 1 MAXEXTENTS 2147483645
  PCTINCREASE 0 FREELISTS 1 FREELIST GROUPS 1 BUFFER_POOL DEFAULT FLASH_CACHE DEFAULT CELL_FLASH_CACHE DEFAULT)
  TABLESPACE "SYSTEM" ;
--------------------------------------------------------
--  DDL for Index MEMBER_PK
--------------------------------------------------------

  CREATE UNIQUE INDEX "HEALTHNER"."MEMBER_PK" ON "HEALTHNER"."MEMBER" ("MEMBER_NO") 
  PCTFREE 10 INITRANS 2 MAXTRANS 255 
  STORAGE(INITIAL 65536 NEXT 1048576 MINEXTENTS 1 MAXEXTENTS 2147483645
  PCTINCREASE 0 FREELISTS 1 FREELIST GROUPS 1 BUFFER_POOL DEFAULT FLASH_CACHE DEFAULT CELL_FLASH_CACHE DEFAULT)
  TABLESPACE "SYSTEM" ;
--------------------------------------------------------
--  DDL for Trigger BAN_LIST_AI_TRG
--------------------------------------------------------

  CREATE OR REPLACE TRIGGER "HEALTHNER"."BAN_LIST_AI_TRG" 
BEFORE INSERT ON ban_list 
REFERENCING NEW AS NEW FOR EACH ROW 
BEGIN 
    SELECT ban_list_SEQ.NEXTVAL
    INTO :NEW.ban_seq
    FROM DUAL;
END;

/
ALTER TRIGGER "HEALTHNER"."BAN_LIST_AI_TRG" ENABLE;
--------------------------------------------------------
--  DDL for Trigger BMI_AI_TRG
--------------------------------------------------------

  CREATE OR REPLACE TRIGGER "HEALTHNER"."BMI_AI_TRG" 
BEFORE INSERT ON BMI 
REFERENCING NEW AS NEW FOR EACH ROW 
BEGIN 
    SELECT BMI_SEQ.NEXTVAL
    INTO :NEW.inbody_no
    FROM DUAL;
END;

/
ALTER TRIGGER "HEALTHNER"."BMI_AI_TRG" ENABLE;
--------------------------------------------------------
--  DDL for Trigger BOARD_AI_TRG
--------------------------------------------------------

  CREATE OR REPLACE TRIGGER "HEALTHNER"."BOARD_AI_TRG" 
BEFORE INSERT ON BOARD 
REFERENCING NEW AS NEW FOR EACH ROW 
BEGIN 
    SELECT BOARD_SEQ.NEXTVAL
    INTO :NEW.board_no
    FROM DUAL;
END;

/
ALTER TRIGGER "HEALTHNER"."BOARD_AI_TRG" ENABLE;
--------------------------------------------------------
--  DDL for Trigger BOARD_COMMENT_AI_TRG
--------------------------------------------------------

  CREATE OR REPLACE TRIGGER "HEALTHNER"."BOARD_COMMENT_AI_TRG" 
BEFORE INSERT ON BOARD_COMMENT 
REFERENCING NEW AS NEW FOR EACH ROW 
BEGIN 
    SELECT BOARD_COMMENT_SEQ.NEXTVAL
    INTO :NEW.comment_no
    FROM DUAL;
END;

/
ALTER TRIGGER "HEALTHNER"."BOARD_COMMENT_AI_TRG" ENABLE;
--------------------------------------------------------
--  DDL for Trigger EAT_LOG_AI_TRG
--------------------------------------------------------

  CREATE OR REPLACE TRIGGER "HEALTHNER"."EAT_LOG_AI_TRG" 
BEFORE INSERT ON Eat_log 
REFERENCING NEW AS NEW FOR EACH ROW 
BEGIN 
    SELECT Eat_log_SEQ.NEXTVAL
    INTO :NEW.menu_no
    FROM DUAL;
END;

/
ALTER TRIGGER "HEALTHNER"."EAT_LOG_AI_TRG" ENABLE;
--------------------------------------------------------
--  DDL for Trigger MAIL_AI_TRG
--------------------------------------------------------

  CREATE OR REPLACE TRIGGER "HEALTHNER"."MAIL_AI_TRG" 
BEFORE INSERT ON Mail 
REFERENCING NEW AS NEW FOR EACH ROW 
BEGIN 
    SELECT Mail_SEQ.NEXTVAL
    INTO :NEW.mail_no
    FROM DUAL;
END;

/
ALTER TRIGGER "HEALTHNER"."MAIL_AI_TRG" ENABLE;
--------------------------------------------------------
--  DDL for Trigger MEETING_SCHEDULE_AI_TRG
--------------------------------------------------------

  CREATE OR REPLACE TRIGGER "HEALTHNER"."MEETING_SCHEDULE_AI_TRG" 
BEFORE INSERT ON Meeting_Schedule 
REFERENCING NEW AS NEW FOR EACH ROW 
BEGIN 
    SELECT Meeting_Schedule_SEQ.NEXTVAL
    INTO :NEW.meeting_seq
    FROM DUAL;
END;

/
ALTER TRIGGER "HEALTHNER"."MEETING_SCHEDULE_AI_TRG" ENABLE;
--------------------------------------------------------
--  DDL for Trigger MEMBER_AI_TRG
--------------------------------------------------------

  CREATE OR REPLACE TRIGGER "HEALTHNER"."MEMBER_AI_TRG" 
BEFORE INSERT ON Member 
REFERENCING NEW AS NEW FOR EACH ROW 
BEGIN 
    SELECT Member_SEQ.NEXTVAL
    INTO :NEW.member_no
    FROM DUAL;
END;

/
ALTER TRIGGER "HEALTHNER"."MEMBER_AI_TRG" ENABLE;
--------------------------------------------------------
--  DDL for Trigger MEMBER_MAPPING_AI_TRG
--------------------------------------------------------

  CREATE OR REPLACE TRIGGER "HEALTHNER"."MEMBER_MAPPING_AI_TRG" 
BEFORE INSERT ON Member_Mapping 
REFERENCING NEW AS NEW FOR EACH ROW 
BEGIN 
    SELECT Member_Mapping_SEQ.NEXTVAL
    INTO :NEW.mapping_seq
    FROM DUAL;
END;

/
ALTER TRIGGER "HEALTHNER"."MEMBER_MAPPING_AI_TRG" ENABLE;
--------------------------------------------------------
--  DDL for Trigger MENU_COMMENT_AI_TRG
--------------------------------------------------------

  CREATE OR REPLACE TRIGGER "HEALTHNER"."MENU_COMMENT_AI_TRG" 
BEFORE INSERT ON menu_comment 
REFERENCING NEW AS NEW FOR EACH ROW 
BEGIN 
    SELECT menu_comment_SEQ.NEXTVAL
    INTO :NEW.cmt_no
    FROM DUAL;
END;

/
ALTER TRIGGER "HEALTHNER"."MENU_COMMENT_AI_TRG" ENABLE;
--------------------------------------------------------
--  DDL for Trigger NOTICE_AI_TRG
--------------------------------------------------------

  CREATE OR REPLACE TRIGGER "HEALTHNER"."NOTICE_AI_TRG" 
BEFORE INSERT ON NOTICE 
REFERENCING NEW AS NEW FOR EACH ROW 
BEGIN 
    SELECT NOTICE_SEQ.NEXTVAL
    INTO :NEW.notice_no
    FROM DUAL;
END;

/
ALTER TRIGGER "HEALTHNER"."NOTICE_AI_TRG" ENABLE;
--------------------------------------------------------
--  DDL for Trigger PRODUCT_AI_TRG
--------------------------------------------------------

  CREATE OR REPLACE TRIGGER "HEALTHNER"."PRODUCT_AI_TRG" 
BEFORE INSERT ON PRODUCT 
REFERENCING NEW AS NEW FOR EACH ROW 
BEGIN 
    SELECT PRODUCT_SEQ.NEXTVAL
    INTO :NEW.pno
    FROM DUAL;
END;

/
ALTER TRIGGER "HEALTHNER"."PRODUCT_AI_TRG" ENABLE;
--------------------------------------------------------
--  DDL for Trigger PROFESSIONAL_CATEGORY_AI_TRG
--------------------------------------------------------

  CREATE OR REPLACE TRIGGER "HEALTHNER"."PROFESSIONAL_CATEGORY_AI_TRG" 
BEFORE INSERT ON Professional_category 
REFERENCING NEW AS NEW FOR EACH ROW 
BEGIN 
    SELECT Professional_category_SEQ.NEXTVAL
    INTO :NEW.Category_no
    FROM DUAL;
END;

/
ALTER TRIGGER "HEALTHNER"."PROFESSIONAL_CATEGORY_AI_TRG" ENABLE;
--------------------------------------------------------
--  DDL for Trigger PURCHASE_AI_TRG
--------------------------------------------------------

  CREATE OR REPLACE TRIGGER "HEALTHNER"."PURCHASE_AI_TRG" 
BEFORE INSERT ON PURCHASE 
REFERENCING NEW AS NEW FOR EACH ROW 
BEGIN 
    SELECT PURCHASE_SEQ.NEXTVAL
    INTO :NEW.buy_no
    FROM DUAL;
END;

/
ALTER TRIGGER "HEALTHNER"."PURCHASE_AI_TRG" ENABLE;
--------------------------------------------------------
--  DDL for Trigger REPORT_CAT_AI_TRG
--------------------------------------------------------

  CREATE OR REPLACE TRIGGER "HEALTHNER"."REPORT_CAT_AI_TRG" 
BEFORE INSERT ON Report_Cat 
REFERENCING NEW AS NEW FOR EACH ROW 
BEGIN 
    SELECT Report_Cat_SEQ.NEXTVAL
    INTO :NEW.report_no
    FROM DUAL;
END;

/
ALTER TRIGGER "HEALTHNER"."REPORT_CAT_AI_TRG" ENABLE;
--------------------------------------------------------
--  Constraints for Table BAN_LIST
--------------------------------------------------------

  ALTER TABLE "HEALTHNER"."BAN_LIST" ADD CONSTRAINT "BAN_LIST_PK" PRIMARY KEY ("BAN_SEQ")
  USING INDEX PCTFREE 10 INITRANS 2 MAXTRANS 255 
  STORAGE(INITIAL 65536 NEXT 1048576 MINEXTENTS 1 MAXEXTENTS 2147483645
  PCTINCREASE 0 FREELISTS 1 FREELIST GROUPS 1 BUFFER_POOL DEFAULT FLASH_CACHE DEFAULT CELL_FLASH_CACHE DEFAULT)
  TABLESPACE "SYSTEM"  ENABLE;
  ALTER TABLE "HEALTHNER"."BAN_LIST" MODIFY ("BAN_DATE" NOT NULL ENABLE);
  ALTER TABLE "HEALTHNER"."BAN_LIST" MODIFY ("MEMBER_NO" NOT NULL ENABLE);
  ALTER TABLE "HEALTHNER"."BAN_LIST" MODIFY ("BAN_SEQ" NOT NULL ENABLE);
--------------------------------------------------------
--  Constraints for Table NOTICE
--------------------------------------------------------

  ALTER TABLE "HEALTHNER"."NOTICE" ADD CONSTRAINT "NOTICE_PK" PRIMARY KEY ("NOTICE_NO")
  USING INDEX PCTFREE 10 INITRANS 2 MAXTRANS 255 
  STORAGE(INITIAL 65536 NEXT 1048576 MINEXTENTS 1 MAXEXTENTS 2147483645
  PCTINCREASE 0 FREELISTS 1 FREELIST GROUPS 1 BUFFER_POOL DEFAULT FLASH_CACHE DEFAULT CELL_FLASH_CACHE DEFAULT)
  TABLESPACE "SYSTEM"  ENABLE;
  ALTER TABLE "HEALTHNER"."NOTICE" MODIFY ("NOTICE_DATE" NOT NULL ENABLE);
  ALTER TABLE "HEALTHNER"."NOTICE" MODIFY ("NOTICE_CONTENT" NOT NULL ENABLE);
  ALTER TABLE "HEALTHNER"."NOTICE" MODIFY ("NOTICE_TITLE" NOT NULL ENABLE);
  ALTER TABLE "HEALTHNER"."NOTICE" MODIFY ("NOTICE_NO" NOT NULL ENABLE);
--------------------------------------------------------
--  Constraints for Table LIKE_TABLE
--------------------------------------------------------

  ALTER TABLE "HEALTHNER"."LIKE_TABLE" ADD CONSTRAINT "LIKE_TABLE_PK" PRIMARY KEY ("PNO", "MEMBER_NO")
  USING INDEX PCTFREE 10 INITRANS 2 MAXTRANS 255 
  STORAGE(INITIAL 65536 NEXT 1048576 MINEXTENTS 1 MAXEXTENTS 2147483645
  PCTINCREASE 0 FREELISTS 1 FREELIST GROUPS 1 BUFFER_POOL DEFAULT FLASH_CACHE DEFAULT CELL_FLASH_CACHE DEFAULT)
  TABLESPACE "SYSTEM"  ENABLE;
  ALTER TABLE "HEALTHNER"."LIKE_TABLE" MODIFY ("MEMBER_NO" NOT NULL ENABLE);
  ALTER TABLE "HEALTHNER"."LIKE_TABLE" MODIFY ("PNO" NOT NULL ENABLE);
--------------------------------------------------------
--  Constraints for Table MAIL
--------------------------------------------------------

  ALTER TABLE "HEALTHNER"."MAIL" ADD CONSTRAINT "MAIL_PK" PRIMARY KEY ("MAIL_NO")
  USING INDEX PCTFREE 10 INITRANS 2 MAXTRANS 255 
  STORAGE(INITIAL 65536 NEXT 1048576 MINEXTENTS 1 MAXEXTENTS 2147483645
  PCTINCREASE 0 FREELISTS 1 FREELIST GROUPS 1 BUFFER_POOL DEFAULT FLASH_CACHE DEFAULT CELL_FLASH_CACHE DEFAULT)
  TABLESPACE "SYSTEM"  ENABLE;
  ALTER TABLE "HEALTHNER"."MAIL" MODIFY ("READ_COUNT" NOT NULL ENABLE);
  ALTER TABLE "HEALTHNER"."MAIL" MODIFY ("WRITE_DATE" NOT NULL ENABLE);
  ALTER TABLE "HEALTHNER"."MAIL" MODIFY ("MAIL_CONTENT" NOT NULL ENABLE);
  ALTER TABLE "HEALTHNER"."MAIL" MODIFY ("RECEIVER" NOT NULL ENABLE);
  ALTER TABLE "HEALTHNER"."MAIL" MODIFY ("SENDER" NOT NULL ENABLE);
  ALTER TABLE "HEALTHNER"."MAIL" MODIFY ("MAIL_NO" NOT NULL ENABLE);
--------------------------------------------------------
--  Constraints for Table REPORT_CAT
--------------------------------------------------------

  ALTER TABLE "HEALTHNER"."REPORT_CAT" ADD CONSTRAINT "REPORT_CAT_PK" PRIMARY KEY ("REPORT_NO")
  USING INDEX PCTFREE 10 INITRANS 2 MAXTRANS 255 
  STORAGE(INITIAL 65536 NEXT 1048576 MINEXTENTS 1 MAXEXTENTS 2147483645
  PCTINCREASE 0 FREELISTS 1 FREELIST GROUPS 1 BUFFER_POOL DEFAULT FLASH_CACHE DEFAULT CELL_FLASH_CACHE DEFAULT)
  TABLESPACE "SYSTEM"  ENABLE;
  ALTER TABLE "HEALTHNER"."REPORT_CAT" MODIFY ("REPORT_CAT" NOT NULL ENABLE);
  ALTER TABLE "HEALTHNER"."REPORT_CAT" MODIFY ("REPORT_NO" NOT NULL ENABLE);
--------------------------------------------------------
--  Constraints for Table BOARD
--------------------------------------------------------

  ALTER TABLE "HEALTHNER"."BOARD" ADD CONSTRAINT "BOARD_PK" PRIMARY KEY ("BOARD_NO")
  USING INDEX PCTFREE 10 INITRANS 2 MAXTRANS 255 
  STORAGE(INITIAL 65536 NEXT 1048576 MINEXTENTS 1 MAXEXTENTS 2147483645
  PCTINCREASE 0 FREELISTS 1 FREELIST GROUPS 1 BUFFER_POOL DEFAULT FLASH_CACHE DEFAULT CELL_FLASH_CACHE DEFAULT)
  TABLESPACE "SYSTEM"  ENABLE;
  ALTER TABLE "HEALTHNER"."BOARD" MODIFY ("REPORT" NOT NULL ENABLE);
  ALTER TABLE "HEALTHNER"."BOARD" MODIFY ("BOARD_FILENAME" NOT NULL ENABLE);
  ALTER TABLE "HEALTHNER"."BOARD" MODIFY ("BOARD_DATE" NOT NULL ENABLE);
  ALTER TABLE "HEALTHNER"."BOARD" MODIFY ("BOARD_CONTENT" NOT NULL ENABLE);
  ALTER TABLE "HEALTHNER"."BOARD" MODIFY ("BOARD_TITLE" NOT NULL ENABLE);
  ALTER TABLE "HEALTHNER"."BOARD" MODIFY ("BOARD_WRITER" NOT NULL ENABLE);
  ALTER TABLE "HEALTHNER"."BOARD" MODIFY ("BOARD_NO" NOT NULL ENABLE);
  ALTER TABLE "HEALTHNER"."BOARD" MODIFY ("BOARD_TYPE" NOT NULL ENABLE);
--------------------------------------------------------
--  Constraints for Table BUY_PRODUCT
--------------------------------------------------------

  ALTER TABLE "HEALTHNER"."BUY_PRODUCT" MODIFY ("STOCK" NOT NULL ENABLE);
  ALTER TABLE "HEALTHNER"."BUY_PRODUCT" MODIFY ("PNO" NOT NULL ENABLE);
  ALTER TABLE "HEALTHNER"."BUY_PRODUCT" MODIFY ("BUY_NO" NOT NULL ENABLE);
--------------------------------------------------------
--  Constraints for Table TRAINER
--------------------------------------------------------

  ALTER TABLE "HEALTHNER"."TRAINER" ADD CONSTRAINT "TRAINER_PK" PRIMARY KEY ("MEMBER_NO")
  USING INDEX PCTFREE 10 INITRANS 2 MAXTRANS 255 
  STORAGE(INITIAL 65536 NEXT 1048576 MINEXTENTS 1 MAXEXTENTS 2147483645
  PCTINCREASE 0 FREELISTS 1 FREELIST GROUPS 1 BUFFER_POOL DEFAULT FLASH_CACHE DEFAULT CELL_FLASH_CACHE DEFAULT)
  TABLESPACE "SYSTEM"  ENABLE;
  ALTER TABLE "HEALTHNER"."TRAINER" MODIFY ("CAT_THIRD" NOT NULL ENABLE);
  ALTER TABLE "HEALTHNER"."TRAINER" MODIFY ("CAT_SECOND" NOT NULL ENABLE);
  ALTER TABLE "HEALTHNER"."TRAINER" MODIFY ("CAT_FIRST" NOT NULL ENABLE);
  ALTER TABLE "HEALTHNER"."TRAINER" MODIFY ("TRAINER_INTRO" NOT NULL ENABLE);
  ALTER TABLE "HEALTHNER"."TRAINER" MODIFY ("MEMBER_NO" NOT NULL ENABLE);
--------------------------------------------------------
--  Constraints for Table MEETING_SCHEDULE
--------------------------------------------------------

  ALTER TABLE "HEALTHNER"."MEETING_SCHEDULE" ADD CONSTRAINT "MEETING_SCHEDULE_PK" PRIMARY KEY ("MEETING_SEQ")
  USING INDEX PCTFREE 10 INITRANS 2 MAXTRANS 255 
  STORAGE(INITIAL 65536 NEXT 1048576 MINEXTENTS 1 MAXEXTENTS 2147483645
  PCTINCREASE 0 FREELISTS 1 FREELIST GROUPS 1 BUFFER_POOL DEFAULT FLASH_CACHE DEFAULT CELL_FLASH_CACHE DEFAULT)
  TABLESPACE "SYSTEM"  ENABLE;
  ALTER TABLE "HEALTHNER"."MEETING_SCHEDULE" MODIFY ("RESPONSE_FIN" NOT NULL ENABLE);
  ALTER TABLE "HEALTHNER"."MEETING_SCHEDULE" MODIFY ("PHONE" NOT NULL ENABLE);
  ALTER TABLE "HEALTHNER"."MEETING_SCHEDULE" MODIFY ("NAME" NOT NULL ENABLE);
  ALTER TABLE "HEALTHNER"."MEETING_SCHEDULE" MODIFY ("MEETING_SEQ" NOT NULL ENABLE);
--------------------------------------------------------
--  Constraints for Table BOARD_COMMENT
--------------------------------------------------------

  ALTER TABLE "HEALTHNER"."BOARD_COMMENT" ADD CONSTRAINT "BOARD_COMMENT_PK" PRIMARY KEY ("COMMENT_NO")
  USING INDEX PCTFREE 10 INITRANS 2 MAXTRANS 255 
  STORAGE(INITIAL 65536 NEXT 1048576 MINEXTENTS 1 MAXEXTENTS 2147483645
  PCTINCREASE 0 FREELISTS 1 FREELIST GROUPS 1 BUFFER_POOL DEFAULT FLASH_CACHE DEFAULT CELL_FLASH_CACHE DEFAULT)
  TABLESPACE "SYSTEM"  ENABLE;
  ALTER TABLE "HEALTHNER"."BOARD_COMMENT" MODIFY ("REF" NOT NULL ENABLE);
  ALTER TABLE "HEALTHNER"."BOARD_COMMENT" MODIFY ("COMMENT_LEVEL" NOT NULL ENABLE);
  ALTER TABLE "HEALTHNER"."BOARD_COMMENT" MODIFY ("COMMENT_DATE" NOT NULL ENABLE);
  ALTER TABLE "HEALTHNER"."BOARD_COMMENT" MODIFY ("COMMENT_CONTENT" NOT NULL ENABLE);
  ALTER TABLE "HEALTHNER"."BOARD_COMMENT" MODIFY ("COMMENT_WRITER" NOT NULL ENABLE);
  ALTER TABLE "HEALTHNER"."BOARD_COMMENT" MODIFY ("COMMENT_NO" NOT NULL ENABLE);
--------------------------------------------------------
--  Constraints for Table NUTRITION_TABLE
--------------------------------------------------------

  ALTER TABLE "HEALTHNER"."NUTRITION_TABLE" ADD UNIQUE ("FOOD_NAME")
  USING INDEX PCTFREE 10 INITRANS 2 MAXTRANS 255 
  STORAGE(INITIAL 65536 NEXT 1048576 MINEXTENTS 1 MAXEXTENTS 2147483645
  PCTINCREASE 0 FREELISTS 1 FREELIST GROUPS 1 BUFFER_POOL DEFAULT FLASH_CACHE DEFAULT CELL_FLASH_CACHE DEFAULT)
  TABLESPACE "SYSTEM"  ENABLE;
  ALTER TABLE "HEALTHNER"."NUTRITION_TABLE" ADD CONSTRAINT "NUTRITION_TABLE_PK" PRIMARY KEY ("FOOD_NAME", "KCAL")
  USING INDEX PCTFREE 10 INITRANS 2 MAXTRANS 255 
  STORAGE(INITIAL 65536 NEXT 1048576 MINEXTENTS 1 MAXEXTENTS 2147483645
  PCTINCREASE 0 FREELISTS 1 FREELIST GROUPS 1 BUFFER_POOL DEFAULT FLASH_CACHE DEFAULT CELL_FLASH_CACHE DEFAULT)
  TABLESPACE "SYSTEM"  ENABLE;
  ALTER TABLE "HEALTHNER"."NUTRITION_TABLE" MODIFY ("KCAL" NOT NULL ENABLE);
  ALTER TABLE "HEALTHNER"."NUTRITION_TABLE" MODIFY ("FOOD_NAME" NOT NULL ENABLE);
--------------------------------------------------------
--  Constraints for Table REPORT
--------------------------------------------------------

  ALTER TABLE "HEALTHNER"."REPORT" MODIFY ("REPORT_DETAIL" NOT NULL ENABLE);
  ALTER TABLE "HEALTHNER"."REPORT" MODIFY ("REPORT_CAT" NOT NULL ENABLE);
  ALTER TABLE "HEALTHNER"."REPORT" MODIFY ("MEMBER_NO" NOT NULL ENABLE);
  ALTER TABLE "HEALTHNER"."REPORT" MODIFY ("WRITE_NO" NOT NULL ENABLE);
  ALTER TABLE "HEALTHNER"."REPORT" MODIFY ("WRITE_TYPE" NOT NULL ENABLE);
--------------------------------------------------------
--  Constraints for Table BMI
--------------------------------------------------------

  ALTER TABLE "HEALTHNER"."BMI" ADD CONSTRAINT "BMI_PK" PRIMARY KEY ("INBODY_NO")
  USING INDEX PCTFREE 10 INITRANS 2 MAXTRANS 255 
  STORAGE(INITIAL 65536 NEXT 1048576 MINEXTENTS 1 MAXEXTENTS 2147483645
  PCTINCREASE 0 FREELISTS 1 FREELIST GROUPS 1 BUFFER_POOL DEFAULT FLASH_CACHE DEFAULT CELL_FLASH_CACHE DEFAULT)
  TABLESPACE "SYSTEM"  ENABLE;
  ALTER TABLE "HEALTHNER"."BMI" MODIFY ("METABOLISM" NOT NULL ENABLE);
  ALTER TABLE "HEALTHNER"."BMI" MODIFY ("ABFAT_PER" NOT NULL ENABLE);
  ALTER TABLE "HEALTHNER"."BMI" MODIFY ("BODYFAT_PER" NOT NULL ENABLE);
  ALTER TABLE "HEALTHNER"."BMI" MODIFY ("BMI" NOT NULL ENABLE);
  ALTER TABLE "HEALTHNER"."BMI" MODIFY ("MINERAL" NOT NULL ENABLE);
  ALTER TABLE "HEALTHNER"."BMI" MODIFY ("PROTEIN" NOT NULL ENABLE);
  ALTER TABLE "HEALTHNER"."BMI" MODIFY ("BODYWATER" NOT NULL ENABLE);
  ALTER TABLE "HEALTHNER"."BMI" MODIFY ("BODYFAT" NOT NULL ENABLE);
  ALTER TABLE "HEALTHNER"."BMI" MODIFY ("BONE" NOT NULL ENABLE);
  ALTER TABLE "HEALTHNER"."BMI" MODIFY ("WEIGHT" NOT NULL ENABLE);
  ALTER TABLE "HEALTHNER"."BMI" MODIFY ("MEASURE_DATE" NOT NULL ENABLE);
  ALTER TABLE "HEALTHNER"."BMI" MODIFY ("MEMBER_NO" NOT NULL ENABLE);
  ALTER TABLE "HEALTHNER"."BMI" MODIFY ("INBODY_NO" NOT NULL ENABLE);
--------------------------------------------------------
--  Constraints for Table EAT_LOG
--------------------------------------------------------

  ALTER TABLE "HEALTHNER"."EAT_LOG" ADD CONSTRAINT "EAT_LOG_PK" PRIMARY KEY ("MENU_NO")
  USING INDEX PCTFREE 10 INITRANS 2 MAXTRANS 255 
  STORAGE(INITIAL 65536 NEXT 1048576 MINEXTENTS 1 MAXEXTENTS 2147483645
  PCTINCREASE 0 FREELISTS 1 FREELIST GROUPS 1 BUFFER_POOL DEFAULT FLASH_CACHE DEFAULT CELL_FLASH_CACHE DEFAULT)
  TABLESPACE "SYSTEM"  ENABLE;
  ALTER TABLE "HEALTHNER"."EAT_LOG" MODIFY ("KCAL" NOT NULL ENABLE);
  ALTER TABLE "HEALTHNER"."EAT_LOG" MODIFY ("MEMBER_NO" NOT NULL ENABLE);
  ALTER TABLE "HEALTHNER"."EAT_LOG" MODIFY ("EAT_TIME" NOT NULL ENABLE);
  ALTER TABLE "HEALTHNER"."EAT_LOG" MODIFY ("EAT_DATE" NOT NULL ENABLE);
  ALTER TABLE "HEALTHNER"."EAT_LOG" MODIFY ("FOOD_NAME" NOT NULL ENABLE);
  ALTER TABLE "HEALTHNER"."EAT_LOG" MODIFY ("MENU_NO" NOT NULL ENABLE);
--------------------------------------------------------
--  Constraints for Table PROFESSIONAL_CATEGORY
--------------------------------------------------------

  ALTER TABLE "HEALTHNER"."PROFESSIONAL_CATEGORY" ADD CONSTRAINT "PROFESSIONAL_CATEGORY_PK" PRIMARY KEY ("CATEGORY_NO")
  USING INDEX PCTFREE 10 INITRANS 2 MAXTRANS 255 
  STORAGE(INITIAL 65536 NEXT 1048576 MINEXTENTS 1 MAXEXTENTS 2147483645
  PCTINCREASE 0 FREELISTS 1 FREELIST GROUPS 1 BUFFER_POOL DEFAULT FLASH_CACHE DEFAULT CELL_FLASH_CACHE DEFAULT)
  TABLESPACE "SYSTEM"  ENABLE;
  ALTER TABLE "HEALTHNER"."PROFESSIONAL_CATEGORY" MODIFY ("CATEGORY_NO" NOT NULL ENABLE);
--------------------------------------------------------
--  Constraints for Table MEMBER
--------------------------------------------------------

  ALTER TABLE "HEALTHNER"."MEMBER" ADD UNIQUE ("CARD")
  USING INDEX PCTFREE 10 INITRANS 2 MAXTRANS 255 
  STORAGE(INITIAL 65536 NEXT 1048576 MINEXTENTS 1 MAXEXTENTS 2147483645
  PCTINCREASE 0 FREELISTS 1 FREELIST GROUPS 1 BUFFER_POOL DEFAULT FLASH_CACHE DEFAULT CELL_FLASH_CACHE DEFAULT)
  TABLESPACE "SYSTEM"  ENABLE;
  ALTER TABLE "HEALTHNER"."MEMBER" ADD UNIQUE ("MEMBER_NICK")
  USING INDEX PCTFREE 10 INITRANS 2 MAXTRANS 255 
  STORAGE(INITIAL 65536 NEXT 1048576 MINEXTENTS 1 MAXEXTENTS 2147483645
  PCTINCREASE 0 FREELISTS 1 FREELIST GROUPS 1 BUFFER_POOL DEFAULT FLASH_CACHE DEFAULT CELL_FLASH_CACHE DEFAULT)
  TABLESPACE "SYSTEM"  ENABLE;
  ALTER TABLE "HEALTHNER"."MEMBER" ADD UNIQUE ("MEMBER_ID")
  USING INDEX PCTFREE 10 INITRANS 2 MAXTRANS 255 
  STORAGE(INITIAL 65536 NEXT 1048576 MINEXTENTS 1 MAXEXTENTS 2147483645
  PCTINCREASE 0 FREELISTS 1 FREELIST GROUPS 1 BUFFER_POOL DEFAULT FLASH_CACHE DEFAULT CELL_FLASH_CACHE DEFAULT)
  TABLESPACE "SYSTEM"  ENABLE;
  ALTER TABLE "HEALTHNER"."MEMBER" ADD CONSTRAINT "MEMBER_PK" PRIMARY KEY ("MEMBER_NO")
  USING INDEX PCTFREE 10 INITRANS 2 MAXTRANS 255 
  STORAGE(INITIAL 65536 NEXT 1048576 MINEXTENTS 1 MAXEXTENTS 2147483645
  PCTINCREASE 0 FREELISTS 1 FREELIST GROUPS 1 BUFFER_POOL DEFAULT FLASH_CACHE DEFAULT CELL_FLASH_CACHE DEFAULT)
  TABLESPACE "SYSTEM"  ENABLE;
  ALTER TABLE "HEALTHNER"."MEMBER" MODIFY ("EMAIL_VERIFICATION" NOT NULL ENABLE);
  ALTER TABLE "HEALTHNER"."MEMBER" MODIFY ("PHONE" NOT NULL ENABLE);
  ALTER TABLE "HEALTHNER"."MEMBER" MODIFY ("EMAIL" NOT NULL ENABLE);
  ALTER TABLE "HEALTHNER"."MEMBER" MODIFY ("AGE" NOT NULL ENABLE);
  ALTER TABLE "HEALTHNER"."MEMBER" MODIFY ("GENDER" NOT NULL ENABLE);
  ALTER TABLE "HEALTHNER"."MEMBER" MODIFY ("MEMBER_LEVEL" NOT NULL ENABLE);
  ALTER TABLE "HEALTHNER"."MEMBER" MODIFY ("ENROLL_DATE" NOT NULL ENABLE);
  ALTER TABLE "HEALTHNER"."MEMBER" MODIFY ("DET_ADDR" NOT NULL ENABLE);
  ALTER TABLE "HEALTHNER"."MEMBER" MODIFY ("ROAD_ADDR" NOT NULL ENABLE);
  ALTER TABLE "HEALTHNER"."MEMBER" MODIFY ("ZIP" NOT NULL ENABLE);
  ALTER TABLE "HEALTHNER"."MEMBER" MODIFY ("MEMBER_NICK" NOT NULL ENABLE);
  ALTER TABLE "HEALTHNER"."MEMBER" MODIFY ("MEMBER_NAME" NOT NULL ENABLE);
  ALTER TABLE "HEALTHNER"."MEMBER" MODIFY ("MEMBER_PW" NOT NULL ENABLE);
  ALTER TABLE "HEALTHNER"."MEMBER" MODIFY ("MEMBER_ID" NOT NULL ENABLE);
  ALTER TABLE "HEALTHNER"."MEMBER" MODIFY ("MEMBER_NO" NOT NULL ENABLE);
--------------------------------------------------------
--  Constraints for Table BASKET
--------------------------------------------------------

  ALTER TABLE "HEALTHNER"."BASKET" MODIFY ("STOCK" NOT NULL ENABLE);
  ALTER TABLE "HEALTHNER"."BASKET" MODIFY ("PNO" NOT NULL ENABLE);
  ALTER TABLE "HEALTHNER"."BASKET" MODIFY ("MEMBER_NO" NOT NULL ENABLE);
--------------------------------------------------------
--  Constraints for Table PRODUCT
--------------------------------------------------------

  ALTER TABLE "HEALTHNER"."PRODUCT" MODIFY ("THUMBNAIL" NOT NULL ENABLE);
  ALTER TABLE "HEALTHNER"."PRODUCT" ADD CONSTRAINT "PRODUCT_PK" PRIMARY KEY ("PNO")
  USING INDEX PCTFREE 10 INITRANS 2 MAXTRANS 255 
  STORAGE(INITIAL 65536 NEXT 1048576 MINEXTENTS 1 MAXEXTENTS 2147483645
  PCTINCREASE 0 FREELISTS 1 FREELIST GROUPS 1 BUFFER_POOL DEFAULT FLASH_CACHE DEFAULT CELL_FLASH_CACHE DEFAULT)
  TABLESPACE "SYSTEM"  ENABLE;
  ALTER TABLE "HEALTHNER"."PRODUCT" MODIFY ("CATEGORY3" NOT NULL ENABLE);
  ALTER TABLE "HEALTHNER"."PRODUCT" MODIFY ("CATEGORY2" NOT NULL ENABLE);
  ALTER TABLE "HEALTHNER"."PRODUCT" MODIFY ("CATEGORY" NOT NULL ENABLE);
  ALTER TABLE "HEALTHNER"."PRODUCT" MODIFY ("STOCK" NOT NULL ENABLE);
  ALTER TABLE "HEALTHNER"."PRODUCT" MODIFY ("PRICE" NOT NULL ENABLE);
  ALTER TABLE "HEALTHNER"."PRODUCT" MODIFY ("PCONTENT" NOT NULL ENABLE);
  ALTER TABLE "HEALTHNER"."PRODUCT" MODIFY ("PNAME" NOT NULL ENABLE);
  ALTER TABLE "HEALTHNER"."PRODUCT" MODIFY ("PNO" NOT NULL ENABLE);
--------------------------------------------------------
--  Constraints for Table MEMBER_MAPPING
--------------------------------------------------------

  ALTER TABLE "HEALTHNER"."MEMBER_MAPPING" ADD CONSTRAINT "MEMBER_MAPPING_PK" PRIMARY KEY ("MAPPING_SEQ")
  USING INDEX PCTFREE 10 INITRANS 2 MAXTRANS 255 
  STORAGE(INITIAL 65536 NEXT 1048576 MINEXTENTS 1 MAXEXTENTS 2147483645
  PCTINCREASE 0 FREELISTS 1 FREELIST GROUPS 1 BUFFER_POOL DEFAULT FLASH_CACHE DEFAULT CELL_FLASH_CACHE DEFAULT)
  TABLESPACE "SYSTEM"  ENABLE;
  ALTER TABLE "HEALTHNER"."MEMBER_MAPPING" MODIFY ("TRAINING_MAXCNT" NOT NULL ENABLE);
  ALTER TABLE "HEALTHNER"."MEMBER_MAPPING" MODIFY ("TRAINING_CNT" NOT NULL ENABLE);
  ALTER TABLE "HEALTHNER"."MEMBER_MAPPING" MODIFY ("TRAINER_NO" NOT NULL ENABLE);
  ALTER TABLE "HEALTHNER"."MEMBER_MAPPING" MODIFY ("MEMBER_NO" NOT NULL ENABLE);
  ALTER TABLE "HEALTHNER"."MEMBER_MAPPING" MODIFY ("MAPPING_SEQ" NOT NULL ENABLE);
--------------------------------------------------------
--  Constraints for Table MENU_COMMENT
--------------------------------------------------------

  ALTER TABLE "HEALTHNER"."MENU_COMMENT" MODIFY ("WRITER_NO" NOT NULL ENABLE);
  ALTER TABLE "HEALTHNER"."MENU_COMMENT" ADD CONSTRAINT "MENU_COMMENT_PK" PRIMARY KEY ("CMT_NO")
  USING INDEX PCTFREE 10 INITRANS 2 MAXTRANS 255 
  STORAGE(INITIAL 65536 NEXT 1048576 MINEXTENTS 1 MAXEXTENTS 2147483645
  PCTINCREASE 0 FREELISTS 1 FREELIST GROUPS 1 BUFFER_POOL DEFAULT FLASH_CACHE DEFAULT CELL_FLASH_CACHE DEFAULT)
  TABLESPACE "SYSTEM"  ENABLE;
  ALTER TABLE "HEALTHNER"."MENU_COMMENT" MODIFY ("CMT_CONTENT" NOT NULL ENABLE);
  ALTER TABLE "HEALTHNER"."MENU_COMMENT" MODIFY ("CMT_DATE" NOT NULL ENABLE);
  ALTER TABLE "HEALTHNER"."MENU_COMMENT" MODIFY ("MENU_NO" NOT NULL ENABLE);
  ALTER TABLE "HEALTHNER"."MENU_COMMENT" MODIFY ("CMT_NO" NOT NULL ENABLE);
--------------------------------------------------------
--  Constraints for Table ATTENDANCE_AVGTIME
--------------------------------------------------------

  ALTER TABLE "HEALTHNER"."ATTENDANCE_AVGTIME" MODIFY ("AVG_TIME" NOT NULL ENABLE);
  ALTER TABLE "HEALTHNER"."ATTENDANCE_AVGTIME" MODIFY ("AVG_DATE" NOT NULL ENABLE);
--------------------------------------------------------
--  Constraints for Table ATTENDANCE
--------------------------------------------------------

  ALTER TABLE "HEALTHNER"."ATTENDANCE" MODIFY ("ATTEND_DATE" NOT NULL ENABLE);
  ALTER TABLE "HEALTHNER"."ATTENDANCE" MODIFY ("MEMBER_NO" NOT NULL ENABLE);
--------------------------------------------------------
--  Constraints for Table PURCHASE
--------------------------------------------------------

  ALTER TABLE "HEALTHNER"."PURCHASE" MODIFY ("DELIVERY_BOOL" CONSTRAINT "DELIVERY_BOOL_NOT_NULL" NOT NULL ENABLE);
  ALTER TABLE "HEALTHNER"."PURCHASE" ADD CONSTRAINT "PURCHASE_PK" PRIMARY KEY ("BUY_NO")
  USING INDEX PCTFREE 10 INITRANS 2 MAXTRANS 255 
  STORAGE(INITIAL 65536 NEXT 1048576 MINEXTENTS 1 MAXEXTENTS 2147483645
  PCTINCREASE 0 FREELISTS 1 FREELIST GROUPS 1 BUFFER_POOL DEFAULT FLASH_CACHE DEFAULT CELL_FLASH_CACHE DEFAULT)
  TABLESPACE "SYSTEM"  ENABLE;
  ALTER TABLE "HEALTHNER"."PURCHASE" MODIFY ("TOTAL_PRICE" NOT NULL ENABLE);
  ALTER TABLE "HEALTHNER"."PURCHASE" MODIFY ("BUY_ADDR" NOT NULL ENABLE);
  ALTER TABLE "HEALTHNER"."PURCHASE" MODIFY ("BUY_DATE" NOT NULL ENABLE);
  ALTER TABLE "HEALTHNER"."PURCHASE" MODIFY ("MEMBER_NO" NOT NULL ENABLE);
  ALTER TABLE "HEALTHNER"."PURCHASE" MODIFY ("BUY_NO" NOT NULL ENABLE);
--------------------------------------------------------
--  Ref Constraints for Table ATTENDANCE
--------------------------------------------------------

  ALTER TABLE "HEALTHNER"."ATTENDANCE" ADD CONSTRAINT "FK_ATTENDANCE_MEMBER_NO_MEMBER" FOREIGN KEY ("MEMBER_NO")
	  REFERENCES "HEALTHNER"."MEMBER" ("MEMBER_NO") ON DELETE CASCADE ENABLE;
--------------------------------------------------------
--  Ref Constraints for Table BAN_LIST
--------------------------------------------------------

  ALTER TABLE "HEALTHNER"."BAN_LIST" ADD CONSTRAINT "FK_BAN_LIST_MEMBER_NO_MEMBER" FOREIGN KEY ("MEMBER_NO")
	  REFERENCES "HEALTHNER"."MEMBER" ("MEMBER_NO") ON DELETE CASCADE ENABLE;
--------------------------------------------------------
--  Ref Constraints for Table BASKET
--------------------------------------------------------

  ALTER TABLE "HEALTHNER"."BASKET" ADD CONSTRAINT "FK_BASKET_MEMBER_NO_MEMBER_MEM" FOREIGN KEY ("MEMBER_NO")
	  REFERENCES "HEALTHNER"."MEMBER" ("MEMBER_NO") ON DELETE CASCADE ENABLE;
  ALTER TABLE "HEALTHNER"."BASKET" ADD CONSTRAINT "FK_BASKET_PNO_PRODUCT_PNO" FOREIGN KEY ("PNO")
	  REFERENCES "HEALTHNER"."PRODUCT" ("PNO") ON DELETE CASCADE ENABLE;
--------------------------------------------------------
--  Ref Constraints for Table BMI
--------------------------------------------------------

  ALTER TABLE "HEALTHNER"."BMI" ADD CONSTRAINT "FK_BMI_MEMBER_NO_MEMBER_MEMBER" FOREIGN KEY ("MEMBER_NO")
	  REFERENCES "HEALTHNER"."MEMBER" ("MEMBER_NO") ON DELETE CASCADE ENABLE;
--------------------------------------------------------
--  Ref Constraints for Table BOARD
--------------------------------------------------------

  ALTER TABLE "HEALTHNER"."BOARD" ADD CONSTRAINT "FK_BOARD_BOARD_WRITER_MEMBER_M" FOREIGN KEY ("BOARD_WRITER")
	  REFERENCES "HEALTHNER"."MEMBER" ("MEMBER_NO") ON DELETE CASCADE ENABLE;
--------------------------------------------------------
--  Ref Constraints for Table BOARD_COMMENT
--------------------------------------------------------

  ALTER TABLE "HEALTHNER"."BOARD_COMMENT" ADD CONSTRAINT "FK_BOARD_COMMENT_COMMENT_REF_B" FOREIGN KEY ("COMMENT_REF")
	  REFERENCES "HEALTHNER"."BOARD_COMMENT" ("COMMENT_NO") ON DELETE CASCADE ENABLE;
  ALTER TABLE "HEALTHNER"."BOARD_COMMENT" ADD CONSTRAINT "FK_BOARD_COMMENT_COMMENT_WRITE" FOREIGN KEY ("COMMENT_WRITER")
	  REFERENCES "HEALTHNER"."MEMBER" ("MEMBER_NO") ON DELETE CASCADE ENABLE;
--------------------------------------------------------
--  Ref Constraints for Table BUY_PRODUCT
--------------------------------------------------------

  ALTER TABLE "HEALTHNER"."BUY_PRODUCT" ADD CONSTRAINT "FK_BUY_PRODUCT_BUY_NO_PURCHASE" FOREIGN KEY ("BUY_NO")
	  REFERENCES "HEALTHNER"."PURCHASE" ("BUY_NO") ON DELETE CASCADE ENABLE;
  ALTER TABLE "HEALTHNER"."BUY_PRODUCT" ADD CONSTRAINT "FK_BUY_PRODUCT_PNO_PRODUCT_PNO" FOREIGN KEY ("PNO")
	  REFERENCES "HEALTHNER"."PRODUCT" ("PNO") ON DELETE CASCADE ENABLE;
--------------------------------------------------------
--  Ref Constraints for Table EAT_LOG
--------------------------------------------------------

  ALTER TABLE "HEALTHNER"."EAT_LOG" ADD CONSTRAINT "FK_EAT_LOG_MEMBER_NO_MEMBER_ME" FOREIGN KEY ("MEMBER_NO")
	  REFERENCES "HEALTHNER"."MEMBER" ("MEMBER_NO") ON DELETE CASCADE ENABLE;
--------------------------------------------------------
--  Ref Constraints for Table LIKE_TABLE
--------------------------------------------------------

  ALTER TABLE "HEALTHNER"."LIKE_TABLE" ADD CONSTRAINT "FK_LIKE_TABLE_MEMBER_NO_MEMBER" FOREIGN KEY ("MEMBER_NO")
	  REFERENCES "HEALTHNER"."MEMBER" ("MEMBER_NO") ON DELETE CASCADE ENABLE;
  ALTER TABLE "HEALTHNER"."LIKE_TABLE" ADD CONSTRAINT "FK_LIKE_TABLE_PNO_PRODUCT_PNO" FOREIGN KEY ("PNO")
	  REFERENCES "HEALTHNER"."PRODUCT" ("PNO") ON DELETE CASCADE ENABLE;
--------------------------------------------------------
--  Ref Constraints for Table MAIL
--------------------------------------------------------

  ALTER TABLE "HEALTHNER"."MAIL" ADD CONSTRAINT "FK_MAIL_RECEIVER_MEMBER_MEMBER" FOREIGN KEY ("RECEIVER")
	  REFERENCES "HEALTHNER"."MEMBER" ("MEMBER_NO") ON DELETE CASCADE ENABLE;
  ALTER TABLE "HEALTHNER"."MAIL" ADD CONSTRAINT "FK_MAIL_SENDER_MEMBER_MEMBER_N" FOREIGN KEY ("SENDER")
	  REFERENCES "HEALTHNER"."MEMBER" ("MEMBER_NO") ON DELETE CASCADE ENABLE;
--------------------------------------------------------
--  Ref Constraints for Table MEMBER_MAPPING
--------------------------------------------------------

  ALTER TABLE "HEALTHNER"."MEMBER_MAPPING" ADD CONSTRAINT "FK_MEMBER_MAPPING_MEMBER_NO_ME" FOREIGN KEY ("MEMBER_NO")
	  REFERENCES "HEALTHNER"."MEMBER" ("MEMBER_NO") ON DELETE CASCADE ENABLE;
  ALTER TABLE "HEALTHNER"."MEMBER_MAPPING" ADD CONSTRAINT "FK_MEMBER_MAPPING_TRAINER_NO_M" FOREIGN KEY ("TRAINER_NO")
	  REFERENCES "HEALTHNER"."MEMBER" ("MEMBER_NO") ON DELETE CASCADE ENABLE;
--------------------------------------------------------
--  Ref Constraints for Table MENU_COMMENT
--------------------------------------------------------

  ALTER TABLE "HEALTHNER"."MENU_COMMENT" ADD CONSTRAINT "FK_MENU_COMMENT_MENU_NO_EAT_LO" FOREIGN KEY ("MENU_NO")
	  REFERENCES "HEALTHNER"."EAT_LOG" ("MENU_NO") ON DELETE CASCADE ENABLE;
  ALTER TABLE "HEALTHNER"."MENU_COMMENT" ADD CONSTRAINT "FK_MENU_COMMENT_WRITER_NO" FOREIGN KEY ("WRITER_NO")
	  REFERENCES "HEALTHNER"."MEMBER" ("MEMBER_NO") ON DELETE CASCADE ENABLE;
--------------------------------------------------------
--  Ref Constraints for Table PURCHASE
--------------------------------------------------------

  ALTER TABLE "HEALTHNER"."PURCHASE" ADD CONSTRAINT "FK_PURCHASE_MEMBER_NO_MEMBER_M" FOREIGN KEY ("MEMBER_NO")
	  REFERENCES "HEALTHNER"."MEMBER" ("MEMBER_NO") ON DELETE CASCADE ENABLE;
--------------------------------------------------------
--  Ref Constraints for Table REPORT
--------------------------------------------------------

  ALTER TABLE "HEALTHNER"."REPORT" ADD CONSTRAINT "FK_REPORT_MEMBER_NO_MEMBER_MEM" FOREIGN KEY ("MEMBER_NO")
	  REFERENCES "HEALTHNER"."MEMBER" ("MEMBER_NO") ON DELETE CASCADE ENABLE;
  ALTER TABLE "HEALTHNER"."REPORT" ADD CONSTRAINT "FK_REPORT_REPORTED_NO_MEMBER_M" FOREIGN KEY ("REPORTED_NO")
	  REFERENCES "HEALTHNER"."MEMBER" ("MEMBER_NO") ON DELETE CASCADE ENABLE;
  ALTER TABLE "HEALTHNER"."REPORT" ADD CONSTRAINT "FK_REPORT_REPORT_CAT_REPORT_CA" FOREIGN KEY ("REPORT_CAT")
	  REFERENCES "HEALTHNER"."REPORT_CAT" ("REPORT_NO") ON DELETE CASCADE ENABLE;
--------------------------------------------------------
--  Ref Constraints for Table TRAINER
--------------------------------------------------------

  ALTER TABLE "HEALTHNER"."TRAINER" ADD CONSTRAINT "FK_TRAINER_CAT_FIRST_PROFESSIO" FOREIGN KEY ("CAT_FIRST")
	  REFERENCES "HEALTHNER"."PROFESSIONAL_CATEGORY" ("CATEGORY_NO") ON DELETE CASCADE ENABLE;
  ALTER TABLE "HEALTHNER"."TRAINER" ADD CONSTRAINT "FK_TRAINER_CAT_SECOND_PROFESSI" FOREIGN KEY ("CAT_SECOND")
	  REFERENCES "HEALTHNER"."PROFESSIONAL_CATEGORY" ("CATEGORY_NO") ON DELETE CASCADE ENABLE;
  ALTER TABLE "HEALTHNER"."TRAINER" ADD CONSTRAINT "FK_TRAINER_CAT_THIRD_PROFESSIO" FOREIGN KEY ("CAT_THIRD")
	  REFERENCES "HEALTHNER"."PROFESSIONAL_CATEGORY" ("CATEGORY_NO") ON DELETE CASCADE ENABLE;
  ALTER TABLE "HEALTHNER"."TRAINER" ADD CONSTRAINT "FK_TRAINER_MEMBER_NO_MEMBER_ME" FOREIGN KEY ("MEMBER_NO")
	  REFERENCES "HEALTHNER"."MEMBER" ("MEMBER_NO") ON DELETE CASCADE ENABLE;
